variable_names,hhtotals,hsize,hsize,hsize,hsize,hsize,hsize,hsize,hinc,hinc,hinc,hinc,hinc
variable_categories,1,1,2,3,4,5,6,7,1,2,3,4,5
geo,,,,,,,,,,,,,
4013010101,2070,291,1386,85,188,105,15,0,45,224,584,256,961
4013010102,2092,128,1810,101,39,0,14,0,162,202,176,238,1314
4013030401,2150,588,1422,22,65,42,11,0,162,282,367,262,1077
4013030402,1909,471,1028,201,153,34,0,22,201,294,370,229,815
4013040502,2397,994,921,203,166,77,36,0,508,624,705,169,391
4013040506,3422,1585,1726,111,0,0,0,0,301,1321,1150,336,314
4013040507,3941,2102,1733,106,0,0,0,0,465,1448,1229,298,501
4013040512,997,365,604,22,6,0,0,0,90,243,501,73,90
4013040513,1694,524,1131,39,0,0,0,0,44,421,638,274,317
4013040514,1768,706,1030,32,0,0,0,0,121,590,661,253,143
4013040515,1860,468,948,218,161,25,29,11,266,383,638,254,319
4013040516,1878,295,1200,160,73,107,43,0,74,267,660,491,386
4013040517,2584,441,1044,423,267,317,77,15,325,476,1058,371,354
4013040518,2434,423,1073,346,290,127,84,91,165,445,765,700,359
4013040519,1978,285,1236,140,130,120,27,40,93,197,488,420,780
4013040520,1405,208,492,150,335,157,38,25,37,98,372,106,792
4013040521,2038,182,466,375,701,148,114,52,28,138,465,676,731
4013040522,2559,889,1599,71,0,0,0,0,262,695,966,181,455
4013040523,1596,393,1162,41,0,0,0,0,102,274,525,240,455
4013040524,778,170,578,30,0,0,0,0,29,112,312,124,201
4013040525,1808,364,1368,76,0,0,0,0,95,283,790,228,412
4013040526,1220,390,820,10,0,0,0,0,107,180,575,150,208
4013040527,1639,331,1004,128,124,40,0,12,168,388,605,157,321
4013040528,3411,865,2405,141,0,0,0,0,159,593,1407,575,677
4013040529,1744,501,1216,27,0,0,0,0,53,423,691,298,279
4013040530,1426,332,546,197,199,87,58,7,87,261,701,184,193
4013040531,2050,855,1002,73,52,46,15,7,219,696,742,200,193
4013050603,1622,290,498,394,229,141,44,26,91,484,811,135,101
4013050604,1094,236,289,144,108,177,34,106,248,196,320,173,157
4013050605,2223,201,731,399,437,278,119,58,138,261,762,478,584
4013050606,2520,340,1016,307,584,152,102,19,160,282,600,327,1151
4013050607,2087,201,587,317,531,226,164,61,174,339,960,363,251
4013050608,2336,378,631,311,511,359,88,58,173,524,1005,314,320
4013050609,1598,366,530,259,162,164,84,33,44,298,891,213,152
4013050610,2684,281,823,521,441,438,72,108,160,349,1076,482,617
4013050611,1373,180,309,193,296,123,253,19,59,131,723,308,152
4013050701,1670,299,395,404,317,169,62,24,193,351,704,212,210
4013050702,1599,429,367,279,290,144,23,67,469,312,534,188,96
4013060801,2111,713,723,189,119,139,149,79,571,671,661,146,62
4013060802,747,98,241,96,183,46,44,39,41,137,314,158,97
4013060901,1421,248,374,215,255,200,47,82,94,403,460,249,215
4013060902,839,164,130,135,140,92,131,47,180,223,328,63,45
4013060903,1419,237,268,186,274,249,128,77,93,456,646,102,122
4013060904,1048,193,212,229,211,109,59,35,105,236,469,136,102
4013061009,3504,713,1474,470,497,200,77,73,232,264,1295,540,1173
4013061010,1980,608,796,162,256,136,18,4,158,301,526,284,711
4013061011,1778,290,341,229,497,290,96,35,34,262,611,349,522
4013061012,2804,638,859,575,415,196,31,90,290,305,837,435,937
4013061013,1855,422,422,294,236,288,58,135,29,298,714,267,547
4013061014,2160,443,767,445,317,103,67,18,170,433,776,285,496
4013061015,1859,231,579,531,322,137,25,34,91,88,890,330,460
4013061016,1731,225,507,365,322,210,67,35,91,73,505,203,859
4013061017,0,0,0,0,0,0,0,0,0,0,0,0,0
4013061018,2548,740,1808,0,0,0,0,0,168,473,828,504,575
4013061019,1172,190,325,222,238,83,53,61,36,132,551,147,306
4013061020,1182,135,398,278,200,94,61,16,36,65,287,227,567
4013061021,521,32,118,78,116,82,66,29,7,54,119,127,214
4013061022,3056,394,956,686,378,516,23,103,244,322,1212,680,598
4013061023,3499,668,806,668,709,499,102,47,169,311,1240,727,1052
4013061024,641,144,131,170,58,103,22,13,28,115,284,123,91
4013061025,2760,296,700,429,602,592,82,59,88,171,1035,705,761
4013061026,1765,266,525,286,370,264,37,17,151,283,784,234,313
4013061027,1918,449,878,264,177,88,40,22,71,619,672,275,281
4013061028,1100,344,342,176,146,67,18,7,122,229,370,153,226
4013061029,1942,541,838,306,195,55,0,7,195,390,863,174,320
4013061030,2325,333,688,362,426,376,63,77,63,153,987,564,558
4013061031,1356,222,553,201,144,144,9,83,60,219,427,355,295
4013061032,1817,248,468,434,268,219,134,46,118,202,525,513,459
4013061033,2074,334,622,470,301,139,120,88,158,173,837,443,463
4013061034,2120,372,531,450,322,114,144,187,138,345,579,170,888
4013061035,2411,438,747,274,738,92,78,44,110,300,927,504,570
4013061036,872,45,185,172,266,80,88,36,55,60,258,153,346
4013061037,1540,210,539,205,385,88,48,65,90,106,542,296,506
4013061038,1468,233,443,295,260,120,8,109,65,43,726,255,379
4013061039,1157,92,340,104,248,230,100,43,16,161,309,124,547
4013061040,1428,213,459,222,417,72,0,45,42,254,659,361,112
4013061041,1344,248,267,264,294,146,108,17,95,222,623,192,212
4013061042,933,276,468,51,63,49,20,6,85,231,435,97,85
4013061043,728,66,216,98,177,85,65,21,9,114,272,180,153
4013061044,2203,240,576,432,559,211,160,25,70,289,616,407,821
4013061045,1806,280,736,159,329,155,55,92,75,142,459,335,795
4013061046,1909,356,544,308,451,199,45,6,190,474,482,262,501
4013061047,996,55,323,174,270,103,39,32,63,43,148,201,541
4013061100,623,76,194,158,119,52,18,6,39,111,333,81,59
4013061200,1930,474,510,322,324,157,30,113,530,559,596,161,84
4013061300,657,203,160,82,109,76,23,4,107,156,237,66,91
4013061401,586,127,149,94,115,31,34,36,181,159,197,7,42
4013061402,1603,453,195,255,318,212,105,65,556,433,435,126,53
4013071503,2993,1426,1534,15,18,0,0,0,255,1233,1015,307,183
4013071504,2154,997,1109,48,0,0,0,0,130,791,883,222,128
4013071505,3767,1681,1751,177,147,11,0,0,431,1256,1467,315,298
4013071506,2405,1002,1197,205,1,0,0,0,415,643,892,235,220
4013071509,2022,525,612,412,214,33,70,156,78,391,536,232,785
4013071510,1243,109,464,301,186,114,22,47,26,32,282,253,650
4013071511,1441,377,676,96,113,122,45,12,94,292,549,235,271
4013071512,1934,284,537,460,347,164,142,0,38,203,376,442,875
4013071513,550,34,266,132,78,26,9,5,20,29,110,106,285
4013071514,1482,346,467,271,228,116,54,0,37,171,489,282,503
4013071515,1515,472,647,191,141,58,6,0,79,290,499,282,365
4013071516,1786,1046,573,112,49,6,0,0,247,642,673,76,148
4013071517,1281,258,431,214,200,109,28,41,0,188,565,251,277
4013071600,1538,660,384,224,132,54,57,27,462,441,587,48,0
4013071701,838,155,231,115,206,45,23,63,40,158,346,167,127
4013071702,1918,1061,799,58,0,0,0,0,326,789,637,142,24
4013071801,2681,1367,1130,111,56,17,0,0,560,886,919,192,124
4013071802,2135,1020,1029,86,0,0,0,0,356,838,720,113,108
4013071903,2348,483,818,419,254,338,36,0,178,352,955,437,426
4013071906,1793,430,482,324,270,158,77,52,153,391,746,179,324
4013071909,1552,600,409,162,215,128,6,32,221,379,483,230,239
4013071910,2182,401,755,323,362,191,47,103,341,529,703,357,252
4013071911,1034,189,237,217,195,146,44,6,92,88,495,219,140
4013071912,1047,398,162,191,170,50,27,49,197,348,286,165,51
4013071913,1617,368,485,187,269,229,59,20,113,560,561,259,124
4013071914,924,127,268,189,133,125,60,22,56,213,433,115,107
4013071915,1249,410,387,145,136,104,0,67,115,408,473,162,91
4013082002,2077,396,700,337,253,198,167,26,152,433,1077,219,196
4013082007,1194,148,409,280,135,80,131,11,95,271,622,135,71
4013082008,1464,175,347,327,287,144,132,52,210,439,524,204,87
4013082009,1308,114,311,110,314,212,126,121,143,308,591,192,74
4013082010,1108,248,185,77,252,132,117,97,132,474,320,108,74
4013082012,1870,213,577,342,392,205,100,41,38,193,1039,330,270
4013082016,716,90,145,106,174,118,40,43,39,93,230,148,206
4013082017,1317,182,292,286,251,153,71,82,50,289,610,155,213
4013082018,1445,215,284,282,234,198,133,99,102,271,707,155,210
4013082019,895,156,276,223,130,86,22,2,36,67,317,158,317
4013082020,1377,147,608,299,256,55,0,12,80,121,454,258,464
4013082021,543,67,143,70,177,67,5,14,48,31,202,52,210
4013082022,1525,241,432,375,246,182,33,16,70,349,551,275,280
4013082023,1693,280,592,409,142,175,72,23,117,222,558,374,422
4013082024,1470,224,501,333,218,94,54,46,132,316,566,242,214
4013082025,747,127,164,134,200,61,34,27,58,70,321,161,137
4013082026,1846,468,502,332,214,215,89,26,161,330,735,286,334
4013082027,1315,212,319,252,291,156,47,38,76,247,602,180,210
4013082028,1257,206,316,322,216,51,107,39,131,316,589,150,71
4013082203,2475,114,482,471,651,360,350,47,155,125,1140,602,453
4013082204,1587,74,290,367,299,252,171,134,72,327,748,227,213
4013082205,1608,206,460,324,249,203,85,81,180,228,726,215,259
4013082206,905,67,140,137,239,168,70,84,55,106,386,133,225
4013082207,759,118,129,142,115,129,60,66,57,99,415,69,119
4013082208,756,125,132,132,143,120,56,48,119,154,315,85,83
4013082209,745,124,168,129,147,106,62,9,126,205,256,77,81
4013082210,1457,110,452,249,290,218,128,10,180,250,656,201,170
4013082211,1301,100,246,253,225,314,106,57,60,141,579,282,239
4013083000,2130,417,666,404,324,134,87,98,298,663,660,319,190
4013092305,1376,346,374,222,168,176,72,18,137,292,482,290,175
4013092306,2286,401,906,502,90,274,54,59,218,428,1135,124,381
4013092307,2231,729,639,221,371,99,32,140,477,408,724,256,366
4013092308,2351,785,570,389,289,232,5,81,316,598,842,366,229
4013092309,1961,533,649,237,279,96,93,74,304,324,650,229,454
4013092311,1113,546,237,113,83,38,46,50,395,386,245,27,60
4013092312,2249,1072,548,221,232,134,0,42,563,573,840,156,117
4013092401,1713,640,486,289,150,27,80,41,424,523,543,127,96
4013092402,1361,504,391,168,193,25,39,41,189,230,612,139,191
4013092500,1974,798,402,257,187,172,137,21,379,677,509,272,137
4013092600,1032,279,188,180,169,147,45,24,469,214,293,20,36
4013092705,1247,320,388,218,129,81,43,68,219,337,438,163,90
4013092708,625,115,177,107,145,50,14,17,37,151,190,96,151
4013092709,1373,262,440,239,285,76,11,60,120,371,505,158,219
4013092710,1451,258,547,224,285,69,54,14,74,221,598,236,322
4013092711,948,160,289,159,194,77,63,6,155,213,294,111,175
4013092712,1532,229,431,271,318,174,58,51,92,325,466,305,344
4013092713,1415,170,435,205,212,264,55,74,132,272,596,182,233
4013092715,1214,191,328,197,181,196,88,33,192,372,426,111,113
4013092716,1108,201,283,226,183,109,95,11,102,286,402,220,98
4013092717,1568,275,481,268,241,198,23,82,234,593,429,134,178
4013092718,1095,240,156,304,84,131,57,123,224,375,350,105,41
4013092719,1614,566,533,259,150,51,32,23,151,381,602,276,204
4013092720,1980,706,555,381,162,93,56,27,76,236,1007,267,394
4013092721,964,131,288,177,201,126,19,22,10,91,239,170,454
4013092723,1563,466,587,240,155,67,25,23,50,380,641,236,256
4013092724,1411,483,496,186,93,98,21,34,200,332,558,164,157
4013092801,1564,325,480,235,97,173,174,80,574,417,460,60,53
4013092802,1565,314,335,196,250,252,133,85,408,447,637,61,12
4013092900,948,304,227,107,119,79,57,55,331,341,202,59,15
4013093001,1816,648,469,232,155,94,155,63,381,627,563,161,84
4013093002,1321,228,374,208,102,219,87,103,320,438,370,133,60
4013093101,1707,616,472,151,76,128,155,109,381,695,495,45,91
4013093104,1629,429,407,379,140,191,57,26,457,679,412,25,56
4013093105,2078,756,435,283,199,231,63,111,535,946,437,74,86
4013093106,1190,166,310,228,201,133,63,89,314,348,450,55,23
4013093200,1217,468,287,223,60,96,43,40,274,497,371,18,57
4013103205,1018,148,452,186,153,57,8,14,41,64,261,149,503
4013103206,908,202,354,94,174,41,37,6,13,73,171,141,510
4013103207,891,102,399,199,122,61,8,0,28,54,213,172,424
4013103208,2140,834,994,175,61,76,0,0,106,384,794,260,596
4013103209,2165,701,926,256,151,106,21,4,189,306,539,209,922
4013103210,3268,1676,720,453,329,77,0,13,464,676,1593,253,282
4013103211,1602,400,712,163,233,60,22,12,95,235,417,213,642
4013103212,1572,263,654,281,213,135,26,0,58,114,291,285,824
4013103214,1570,243,735,232,230,62,68,0,15,98,386,305,766
4013103215,1010,118,410,267,170,34,7,4,40,97,252,152,469
4013103216,1995,582,480,562,347,24,0,0,88,212,624,244,827
4013103217,2636,708,870,384,516,158,0,0,93,367,879,406,891
4013103219,1439,668,496,87,125,44,0,19,66,163,470,205,535
4013103220,1344,492,507,129,142,49,16,9,121,252,269,138,564
4013103302,2400,577,849,463,197,173,108,33,275,507,1058,400,160
4013103303,1550,696,462,220,118,54,0,0,150,368,611,110,311
4013103304,1854,435,537,319,193,198,103,69,218,871,605,114,46
4013103305,1041,226,303,113,144,179,39,37,159,440,401,32,9
4013103306,1394,279,438,174,219,150,108,26,339,524,440,43,48
4013103400,1668,425,544,288,146,159,98,8,130,360,519,327,332
4013103501,1186,279,461,156,159,44,38,49,121,177,348,163,377
4013103502,2255,721,848,269,273,83,61,0,199,274,1117,268,397
4013103604,1697,561,577,173,247,78,10,51,236,363,524,273,301
4013103605,2266,467,943,439,302,50,33,32,58,111,570,313,1214
4013103606,1824,554,850,182,97,48,52,41,159,414,638,269,344
4013103607,1815,357,895,247,164,54,53,45,103,221,448,370,673
4013103608,1346,294,500,209,198,53,84,8,77,220,458,244,347
4013103609,2229,898,734,256,212,101,15,13,244,833,868,147,137
4013103611,2199,556,1007,201,344,17,50,24,119,171,393,531,985
4013103612,2546,945,1027,403,115,20,36,0,58,833,798,235,622
4013103614,1216,303,500,173,69,51,96,24,106,208,410,147,345
4013103615,1761,548,443,350,192,120,72,36,516,664,448,102,31
4013103701,2285,1063,722,256,161,30,30,23,382,633,605,150,515
4013103702,1573,695,600,201,31,0,40,6,188,295,577,173,340
4013103900,2334,711,883,367,237,72,31,33,324,561,971,271,207
4013104000,2615,734,903,467,359,85,67,0,437,826,871,259,222
4013104100,2246,577,715,349,295,134,113,63,276,574,859,257,280
4013104202,1805,314,668,401,171,181,70,0,166,315,663,344,317
4013104203,2292,480,887,426,265,137,97,0,209,442,992,335,314
4013104204,1103,189,308,238,189,140,23,16,98,146,424,140,295
4013104205,2034,811,623,182,237,54,71,56,305,453,695,320,261
4013104206,1384,334,344,200,161,287,14,44,111,273,647,146,207
4013104207,1833,689,646,313,58,115,0,12,223,381,565,373,291
4013104212,2181,481,590,556,345,92,90,27,193,338,901,344,405
4013104214,783,181,227,119,177,38,16,25,58,73,223,144,285
4013104215,1715,615,529,278,148,99,36,10,144,476,630,260,205
4013104216,1836,448,685,296,233,114,33,27,161,409,613,283,370
4013104217,1873,544,600,234,193,150,119,33,160,388,785,220,320
4013104218,1373,382,586,171,137,57,34,6,139,335,467,256,176
4013104219,998,190,379,210,109,23,61,26,57,109,473,161,198
4013104221,2042,309,742,457,302,194,38,0,181,482,666,276,437
4013104222,2210,734,684,327,332,65,33,35,178,646,731,177,478
4013104223,637,122,191,141,103,44,19,17,51,53,119,106,308
4013104224,2285,612,833,468,220,60,78,14,526,501,601,151,506
4013104225,1325,236,527,244,204,73,23,18,119,233,370,226,377
4013104226,1711,547,546,317,144,96,61,0,139,483,644,178,267
4013104227,825,285,258,101,122,43,0,16,58,269,291,88,119
4013104301,1147,174,396,152,226,137,30,32,63,284,400,212,188
4013104302,1778,874,482,193,219,10,0,0,417,558,603,111,89
4013104401,2139,1056,576,247,117,44,99,0,292,689,921,125,112
4013104402,1128,391,273,330,134,0,0,0,138,319,428,194,49
4013104501,1294,501,270,217,108,103,35,60,397,423,342,68,64
4013104502,1514,284,424,246,180,227,93,60,372,534,477,60,71
4013104600,1733,649,607,113,175,101,77,11,238,510,664,165,156
4013104701,1256,669,342,50,124,47,0,24,278,337,502,79,60
4013104702,1708,726,480,239,130,100,8,25,390,579,537,30,172
4013104801,1453,333,679,239,118,84,0,0,61,182,333,147,730
4013104802,2535,924,994,316,149,134,18,0,259,390,543,331,1012
4013104900,1569,362,574,236,290,67,28,12,98,207,522,209,533
4013105002,1126,223,527,146,135,54,13,28,136,41,141,91,717
4013105003,1744,311,736,285,296,47,62,7,122,147,187,114,1174
4013105004,1401,321,632,163,154,107,24,0,73,111,140,91,986
4013105101,1700,325,813,227,286,42,0,7,53,157,306,144,1040
4013105102,2304,1002,915,227,66,94,0,0,244,274,563,240,983
4013105103,1339,337,682,130,96,80,14,0,88,80,185,137,849
4013105200,2670,1025,842,345,207,201,13,37,383,661,876,102,648
4013105300,2319,915,710,256,165,129,54,90,371,358,751,370,469
4013105400,1425,279,688,138,178,55,77,10,109,193,346,180,597
4013105501,971,273,271,179,108,67,27,46,232,306,307,50,76
4013105502,943,469,217,156,68,20,13,0,240,373,268,57,5
4013105503,1723,1008,324,210,112,42,19,8,572,544,478,14,115
4013105601,1210,187,337,187,163,145,129,62,197,420,393,94,106
4013105602,1992,475,569,303,356,180,100,9,383,793,572,119,125
4013105701,1147,348,305,248,105,63,70,8,112,288,513,114,120
4013105702,1341,416,335,170,175,167,69,9,256,359,464,156,106
4013105800,2062,453,607,406,198,157,186,55,241,426,788,320,287
4013105900,2061,869,568,242,253,64,28,37,669,575,486,115,216
4013106001,607,207,144,82,84,32,52,6,131,182,269,5,20
4013106002,988,367,282,135,124,70,0,10,193,357,341,26,71
4013106003,1291,383,402,263,160,66,17,0,201,418,446,110,116
4013106100,2529,1086,873,223,250,66,31,0,312,565,659,283,710
4013106200,1199,199,456,225,189,33,77,20,40,74,217,84,784
4013106300,2306,1136,777,163,75,142,0,13,231,477,695,205,698
4013106400,1335,548,517,128,97,34,11,0,85,198,523,159,370
4013106501,1437,499,506,273,60,47,29,23,197,301,527,116,296
4013106502,1822,869,586,193,103,71,0,0,293,408,654,199,268
4013106600,1661,607,548,233,172,89,12,0,146,184,390,161,780
4013106701,1620,621,520,192,124,113,26,24,521,444,412,98,145
4013106702,599,209,199,66,71,43,11,0,79,122,232,52,114
4013106703,934,322,333,110,137,18,2,12,72,180,243,141,298
4013106801,1696,590,433,308,221,100,44,0,560,718,361,53,4
4013106802,1324,447,345,221,115,120,27,49,229,390,448,132,125
4013106900,2078,377,574,235,306,255,121,210,302,499,907,182,188
4013107000,2375,745,521,333,428,178,109,61,627,408,1021,149,170
4013107101,1157,158,259,148,280,164,97,51,273,436,290,88,70
4013107102,1539,225,415,217,310,272,47,53,382,468,437,186,66
4013107201,802,322,104,87,72,101,97,19,186,393,182,32,9
4013107202,1390,151,339,251,267,83,145,154,248,481,509,31,121
4013107300,2166,646,421,442,312,220,63,62,423,724,802,160,57
4013107400,2872,1310,716,262,413,92,61,18,708,883,701,205,375
4013107500,1728,683,626,254,105,60,0,0,156,219,484,262,607
4013107601,1796,906,582,129,86,70,23,0,377,464,512,203,240
4013107602,1380,556,463,177,108,16,35,25,228,211,517,129,295
4013107700,1930,964,478,221,181,49,37,0,120,384,779,290,357
4013107800,1370,656,561,93,8,52,0,0,114,65,398,93,700
4013107900,1862,784,744,122,133,65,14,0,153,297,567,69,776
4013108000,1035,125,369,214,199,70,51,7,25,46,88,41,835
4013108100,772,261,243,66,132,60,6,4,56,84,220,54,358
4013108200,1460,491,473,260,177,40,9,10,102,271,457,160,470
4013108301,1686,695,500,230,209,45,7,0,137,164,419,304,662
4013108302,1565,866,411,176,71,14,25,2,202,317,569,159,318
4013108400,2640,1266,753,315,203,103,0,0,513,384,742,398,603
4013108501,1050,466,295,133,71,76,9,0,121,150,318,271,190
4013108502,2197,1239,635,236,87,0,0,0,241,581,762,252,361
4013108601,1177,500,270,279,66,40,22,0,223,457,349,100,48
4013108602,2380,988,926,180,78,93,115,0,399,561,979,211,230
4013108802,965,464,272,180,37,6,6,0,150,197,396,46,176
4013108901,1235,603,309,116,108,73,26,0,275,330,391,96,143
4013108902,2082,752,660,351,104,130,45,40,538,703,562,164,115
4013109001,1531,442,268,249,296,126,94,56,495,528,438,70,0
4013109002,1468,488,392,174,145,170,73,26,324,637,371,72,64
4013109003,1707,418,369,300,263,158,159,40,485,650,487,49,36
4013109101,875,128,148,132,137,146,109,75,77,265,330,80,123
4013109102,1556,350,296,244,208,217,174,67,200,605,510,93,148
4013109200,1229,518,175,210,165,121,40,0,568,361,213,19,68
4013109300,1130,90,188,141,289,110,126,186,210,379,401,93,47
4013109400,2154,578,343,358,197,175,280,223,844,527,526,110,147
4013109500,1433,241,321,190,256,140,164,121,145,326,685,163,114
4013109601,1395,139,280,155,338,278,91,114,229,375,644,62,85
4013109602,1593,148,290,303,287,233,137,195,282,544,610,70,87
4013109603,1268,136,233,152,257,156,249,85,160,346,504,140,118
4013109604,1016,143,223,148,178,152,114,58,137,350,393,96,40
4013109701,2466,357,567,414,443,323,194,168,710,927,740,29,60
4013109702,1320,144,202,262,188,151,138,235,158,543,508,86,25
4013109703,869,219,167,80,143,169,20,71,198,236,350,37,48
4013109704,605,33,86,102,106,109,96,73,60,161,314,51,19
4013109705,488,38,72,66,121,93,37,61,81,113,183,67,44
4013109801,1100,119,144,190,225,158,170,94,175,396,393,78,58
4013109802,1190,165,260,143,231,95,151,145,129,265,547,129,120
4013109900,1731,284,216,244,358,292,160,177,460,558,602,79,32
4013110001,992,190,152,167,118,194,66,105,270,210,418,69,25
4013110002,1131,222,338,146,136,144,113,32,436,329,282,30,54
4013110100,1694,468,267,199,278,189,176,117,638,517,427,48,64
4013110400,2187,970,538,371,169,91,32,16,196,498,847,237,409
4013110501,1834,1091,526,120,60,0,37,0,303,381,834,103,213
4013110502,1498,838,537,49,53,0,21,0,422,306,380,179,211
4013110600,2068,911,592,324,99,32,0,110,236,384,759,303,386
4013110701,1108,475,282,165,94,85,7,0,239,299,310,160,100
4013110702,1392,495,238,277,168,128,45,41,208,361,450,183,190
4013110801,2171,713,665,424,164,114,20,71,405,635,569,380,182
4013110802,973,346,406,54,109,12,22,24,110,179,357,134,193
4013110901,1611,653,522,252,98,55,8,23,528,443,314,93,233
4013110902,1947,716,527,174,272,147,87,24,438,456,688,93,272
4013111000,1922,710,681,107,329,78,17,0,162,339,512,250,659
4013111100,1714,562,589,252,202,109,0,0,197,222,450,177,668
4013111201,2629,1092,823,244,291,89,43,47,515,725,1076,183,130
4013111202,808,335,180,163,54,48,28,0,171,259,270,73,35
4013111203,848,457,249,64,12,42,24,0,180,304,308,23,33
4013111204,1355,854,374,66,54,0,7,0,149,365,621,100,120
4013111300,2371,797,700,526,138,145,49,16,268,416,931,337,419
4013111401,1460,374,445,203,261,40,86,51,246,602,393,112,107
4013111402,1491,456,361,242,185,117,87,43,263,534,456,126,112
4013111501,510,94,105,52,89,60,52,58,90,227,113,48,32
4013111502,2027,629,591,306,266,100,52,83,451,587,773,114,102
4013111601,1070,303,234,211,180,66,24,52,184,281,395,92,118
4013111602,1553,526,331,144,177,199,49,127,249,552,534,118,100
4013111700,2409,977,713,184,189,133,144,69,371,436,926,152,524
4013111800,1930,768,811,188,141,18,0,4,143,260,393,180,954
4013111900,1026,368,361,190,48,39,20,0,102,88,273,145,418
4013112100,904,183,145,109,97,158,137,75,354,241,231,44,34
4013112201,1115,169,230,198,250,172,53,43,326,364,305,54,66
4013112202,1330,455,363,143,123,78,115,53,391,433,358,97,51
4013112301,1626,508,315,196,229,177,119,82,484,542,457,90,53
4013112302,1947,415,292,204,367,393,183,93,560,655,494,103,135
4013112401,1531,291,189,174,253,306,224,94,247,467,590,98,129
4013112402,1314,103,247,166,353,129,162,154,131,484,550,78,71
4013112502,1291,95,230,223,241,69,210,223,119,425,567,138,42
4013112503,2131,177,329,348,529,389,186,173,223,740,879,114,175
4013112504,1076,136,205,213,109,233,118,62,185,396,368,72,55
4013112505,2438,422,395,639,546,221,107,108,503,917,825,99,94
4013112507,746,166,83,135,128,131,55,48,220,321,186,19,0
4013112508,603,85,152,88,129,117,16,16,43,249,259,44,8
4013112509,3150,587,742,643,615,353,182,28,595,861,1147,386,161
4013112510,1242,141,304,134,264,116,158,125,122,172,555,254,139
4013112511,1997,103,382,313,386,322,234,257,155,228,884,390,340
4013112512,695,219,203,68,154,40,11,0,135,326,209,25,0
4013112513,2439,534,404,390,337,409,193,172,355,610,1041,92,341
4013112514,1266,180,308,267,208,119,139,45,139,169,504,247,207
4013112601,892,274,126,132,196,100,43,21,393,215,222,31,31
4013112602,1864,407,341,214,273,325,208,96,654,700,425,23,62
4013112700,1589,337,202,292,274,252,93,139,654,419,376,76,64
4013112900,1936,713,612,186,219,122,84,0,572,602,463,126,173
4013113000,1138,605,431,47,39,0,0,16,176,277,339,89,257
4013113100,1676,1345,265,49,17,0,0,0,640,401,497,65,73
4013113201,820,202,192,102,76,93,98,57,331,241,172,21,55
4013113202,676,191,181,126,77,48,24,29,212,221,182,17,44
4013113203,911,284,300,102,42,94,61,28,259,362,181,55,54
4013113300,1626,610,286,241,157,141,94,97,873,496,175,44,38
4013113400,0,0,0,0,0,0,0,0,0,0,0,0,0
4013113501,1415,370,286,200,164,218,116,61,302,515,495,64,39
4013113502,768,101,134,151,186,82,39,75,215,278,193,53,29
4013113601,1509,308,536,261,235,126,20,23,247,388,647,116,111
4013113602,1135,234,262,223,221,70,66,59,236,546,289,42,22
4013113700,3073,931,951,520,357,154,114,46,538,1114,1086,234,101
4013113801,864,472,234,70,12,0,22,54,139,270,318,85,52
4013113802,0,0,0,0,0,0,0,0,0,0,0,0,0
4013113900,281,28,97,48,37,61,6,4,133,86,47,14,1
4013114000,1053,615,304,14,63,42,0,15,321,264,328,37,103
4013114100,587,365,184,32,6,0,0,0,138,99,75,64,211
4013114200,384,100,39,124,74,25,22,0,135,134,54,16,45
4013114301,190,100,72,15,0,3,0,0,87,53,24,16,10
4013114302,978,336,206,88,99,154,41,54,463,342,121,0,52
4013114401,525,164,125,37,47,96,26,30,185,147,174,11,8
4013114402,565,96,134,142,86,70,10,27,229,186,138,0,12
4013114500,954,231,204,63,176,65,88,127,394,285,224,0,51
4013114600,462,120,65,70,99,49,40,19,137,161,114,50,0
4013114703,251,66,38,39,62,14,17,15,94,106,36,15,0
4013114800,839,152,116,128,126,115,79,123,222,270,221,56,70
4013114900,810,334,224,90,58,34,34,36,417,197,140,19,37
4013115200,790,181,128,157,177,95,31,21,165,276,213,100,36
4013115300,944,368,135,87,104,88,88,74,323,327,218,25,51
4013115400,604,129,110,60,98,112,49,46,164,164,237,18,21
4013115500,942,146,208,144,116,176,57,95,218,255,388,61,20
4013115600,1185,222,258,165,180,139,84,137,141,362,445,140,97
4013115700,1674,140,384,250,338,231,157,174,291,550,512,138,183
4013115801,1265,324,236,172,228,166,81,58,374,400,460,0,31
4013115802,1080,318,210,125,184,67,117,59,233,483,222,93,49
4013115900,1511,283,346,281,241,129,141,90,335,326,588,131,131
4013116000,1947,678,508,192,224,147,121,77,459,400,666,104,318
4013116100,1227,405,331,146,153,87,55,50,364,429,362,58,14
4013116202,1348,152,303,197,203,227,108,158,163,328,521,168,168
4013116203,1816,501,596,331,200,88,48,52,224,428,514,166,484
4013116204,1118,339,256,132,131,119,46,95,120,337,335,163,163
4013116205,1744,581,549,266,97,88,111,52,317,424,772,163,68
4013116300,1907,324,542,329,198,283,117,114,260,477,701,279,190
4013116400,1531,258,326,309,230,208,90,110,360,446,486,128,111
4013116500,1318,189,211,148,376,92,125,177,231,432,445,134,76
4013116602,2192,335,525,340,366,243,206,177,458,511,776,209,238
4013116603,1646,146,340,229,427,293,152,59,148,87,519,358,534
4013116604,1360,194,379,274,163,193,65,92,234,121,444,248,313
4013116605,1715,175,478,246,293,319,155,49,71,316,682,254,392
4013116606,1691,218,430,310,238,140,228,127,116,279,636,259,401
4013116607,806,97,194,181,114,134,67,19,77,144,374,153,58
4013116608,1198,243,371,154,239,56,54,81,92,179,548,163,216
4013116609,1270,226,363,148,223,152,47,111,42,147,409,203,469
4013116610,1596,228,395,374,277,198,60,64,92,176,547,265,516
4013116611,961,97,317,87,216,92,94,58,48,82,234,110,487
4013116612,1554,276,334,300,286,148,96,114,36,321,502,261,434
4013116613,2311,344,709,562,451,185,60,0,172,317,861,334,627
4013116702,2529,531,615,365,470,182,182,184,472,582,704,337,434
4013116703,1333,198,496,130,268,117,28,96,55,305,437,189,347
4013116704,3127,1056,1156,478,196,190,12,39,116,530,1084,345,1052
4013116707,1176,280,535,183,120,58,0,0,31,95,321,249,480
4013116708,2694,1035,1161,286,194,18,0,0,210,519,1229,202,534
4013116709,812,293,319,97,88,15,0,0,46,117,329,149,171
4013116710,1651,143,762,290,338,86,32,0,57,59,291,165,1079
4013116711,779,117,322,172,136,32,0,0,23,46,249,167,294
4013116712,2585,668,767,499,394,160,54,43,203,270,804,423,885
4013116713,2495,803,661,428,302,169,74,58,140,262,788,364,941
4013116714,1263,111,531,253,239,84,45,0,56,101,256,182,668
4013116715,903,271,355,120,122,13,22,0,52,126,251,172,302
4013116717,1906,749,632,332,132,33,28,0,87,373,1046,200,200
4013116718,1319,531,566,137,31,23,31,0,149,257,507,116,290
4013116719,2562,701,833,428,390,139,56,15,98,43,692,442,1287
4013116720,1690,555,538,321,196,66,5,9,112,228,528,438,384
4013116721,1265,351,337,235,235,35,72,0,79,166,214,165,641
4013116725,2249,661,977,289,271,41,10,0,158,215,615,221,1040
4013116727,1360,211,500,279,285,53,32,0,18,56,196,213,877
4013116728,1666,149,736,299,344,87,34,17,8,70,234,239,1115
4013116729,1497,91,700,305,310,82,9,0,17,47,173,218,1042
4013116730,629,74,217,120,160,34,24,0,24,40,121,83,361
4013116731,1127,203,356,197,232,123,16,0,8,71,219,216,613
4013116732,1173,181,381,121,232,69,132,57,213,198,238,190,334
4013116733,161,50,68,16,22,0,5,0,13,9,26,22,91
4013116800,1000,322,330,109,124,55,60,0,228,283,218,123,148
4013116900,570,126,141,46,59,55,49,94,131,179,200,55,5
4013117000,2182,970,508,183,155,256,54,56,557,690,680,138,117
4013117100,1316,759,389,104,22,42,0,0,97,273,470,205,271
4013117200,273,60,36,25,52,33,42,25,41,116,89,18,9
4013117300,348,78,87,73,52,12,23,23,228,67,26,27,0
4013216806,1563,567,665,149,182,0,0,0,126,161,584,133,559
4013216807,2371,703,1070,248,284,51,15,0,169,230,534,310,1128
4013216809,1912,353,818,313,211,138,42,37,35,238,313,118,1208
4013216810,884,535,297,46,6,0,0,0,112,217,301,120,134
4013216813,2018,695,1031,100,109,20,63,0,100,210,323,262,1123
4013216816,1963,328,736,264,431,122,61,21,68,100,344,346,1105
4013216818,3729,1692,1453,258,236,90,0,0,175,1016,1315,366,857
4013216819,2888,703,1573,329,184,99,0,0,194,379,665,341,1309
4013216820,2123,737,964,214,144,47,8,9,197,243,615,414,654
4013216821,2685,578,1499,337,202,21,48,0,156,169,567,424,1369
4013216822,1914,343,1178,211,182,0,0,0,93,133,383,255,1050
4013216826,2360,1233,748,252,97,30,0,0,353,413,861,248,485
4013216829,2234,385,1394,334,106,0,15,0,71,218,248,220,1477
4013216830,1485,750,506,94,73,37,25,0,221,322,491,184,267
4013216831,1065,269,421,135,130,27,63,20,72,77,207,120,589
4013216832,1084,456,550,27,43,5,3,0,99,187,280,110,408
4013216833,2155,617,1024,165,279,13,57,0,189,216,795,128,827
4013216834,1032,338,528,51,110,0,5,0,21,219,187,65,540
4013216835,1508,785,601,78,44,0,0,0,99,187,481,231,510
4013216836,1374,241,508,312,228,58,27,0,43,153,397,133,648
4013216837,2534,1114,933,302,131,54,0,0,180,449,1120,271,514
4013216838,2182,795,727,324,306,30,0,0,91,209,438,457,987
4013216839,1589,380,614,193,358,31,13,0,69,168,284,136,932
4013216840,1814,311,850,256,251,95,39,12,85,102,313,305,1009
4013216841,1339,240,553,213,250,83,0,0,93,137,202,113,794
4013216842,1287,227,418,208,335,59,15,25,43,68,246,71,859
4013216843,1513,263,1059,71,84,24,12,0,105,136,233,131,908
4013216844,2157,1066,798,208,61,24,0,0,230,346,597,252,732
4013216845,1147,557,399,68,68,55,0,0,77,200,446,163,261
4013216846,3037,797,1258,354,540,88,0,0,144,140,596,575,1582
4013216847,2625,502,1103,344,503,136,37,0,153,154,327,132,1859
4013216848,2336,289,1243,315,355,63,46,25,79,193,271,141,1652
4013216849,2305,182,1160,485,298,170,10,0,135,157,350,196,1467
4013216850,2140,1073,663,185,187,17,0,15,54,277,688,389,732
4013216851,1483,228,791,212,156,54,42,0,112,99,165,90,1017
4013216852,1728,718,784,101,114,11,0,0,79,268,511,401,469
4013216853,2611,1173,1008,247,169,14,0,0,147,397,944,295,828
4013216901,1614,709,707,111,87,0,0,0,137,299,600,82,496
4013216902,1773,723,624,229,143,24,7,23,109,275,687,205,497
4013217001,2786,1381,1174,114,88,29,0,0,202,570,814,398,802
4013217002,2500,712,1053,484,183,68,0,0,191,435,831,410,633
4013217101,1271,566,421,137,131,16,0,0,133,252,492,124,270
4013217102,1314,418,572,198,93,15,0,18,117,111,456,111,519
4013217201,899,555,265,45,0,34,0,0,127,141,260,105,266
4013217203,2174,1142,826,168,38,0,0,0,252,430,772,245,475
4013217204,1810,1048,512,87,76,21,0,66,332,371,675,209,223
4013217300,1868,904,703,168,29,0,64,0,162,203,412,181,910
4013217400,1759,870,561,146,175,7,0,0,172,451,458,128,550
4013217501,1671,654,495,283,119,61,0,59,369,372,527,102,301
4013217502,1612,734,700,143,19,8,8,0,214,245,543,230,380
4013217600,2426,1192,804,290,40,15,14,71,216,596,916,293,405
4013217700,2170,706,857,228,285,60,0,34,164,285,682,243,796
4013217800,2729,827,1054,306,391,121,30,0,318,504,921,371,615
4013217900,1887,650,786,278,118,11,38,6,125,370,652,267,473
4013218000,2431,850,824,436,218,60,0,43,362,421,647,352,649
4013218100,833,269,260,131,69,97,7,0,95,122,293,143,180
4013218200,2361,724,687,377,160,77,137,199,275,567,762,210,547
4013218300,2340,1197,835,220,88,0,0,0,473,724,665,224,254
4013318400,1832,701,597,213,101,33,142,45,478,300,687,171,196
4013318501,1512,518,510,271,97,80,20,16,272,263,596,173,208
4013318700,490,231,208,44,7,0,0,0,161,47,86,29,167
4013318800,3097,1508,1088,166,260,36,31,8,830,677,1069,188,333
4013318900,2668,1017,686,615,256,40,54,0,428,763,772,350,355
4013319000,894,286,333,112,111,38,7,7,152,218,127,154,243
4013319101,1209,516,462,62,69,74,7,19,597,426,170,0,16
4013319103,1844,612,556,349,246,81,0,0,716,606,408,42,72
4013319104,2557,1007,919,379,197,55,0,0,977,706,554,271,49
4013319201,2248,821,746,321,234,125,0,1,663,524,773,219,69
4013319202,1882,1050,534,225,38,27,8,0,671,500,578,84,49
4013319300,1123,285,420,212,145,29,16,16,219,410,321,97,76
4013319401,2310,749,723,304,178,274,74,8,156,464,812,257,621
4013319402,1502,291,655,324,126,70,36,0,124,123,538,367,350
4013319403,1791,526,727,268,91,133,6,40,276,276,554,277,408
4013319404,1551,671,505,119,202,54,0,0,58,329,694,191,279
4013319500,2311,663,938,366,110,143,39,52,351,466,828,217,449
4013319600,2357,678,887,519,78,140,27,28,386,282,702,460,527
4013319703,2045,842,740,284,145,34,0,0,336,367,855,212,275
4013319704,620,254,162,58,101,22,23,0,75,133,180,73,159
4013319705,1312,349,470,265,168,7,41,12,236,205,512,196,163
4013319706,1996,629,558,251,328,115,61,54,198,506,793,217,282
4013319800,2715,1035,821,479,304,23,14,39,402,747,875,455,236
4013319902,1097,326,417,203,89,38,24,0,90,298,302,213,194
4013319903,2670,752,1092,405,164,166,91,0,151,297,1007,421,794
4013319904,1906,453,811,319,222,71,10,20,28,242,769,296,571
4013319905,2074,535,979,166,234,78,23,59,147,241,727,295,664
4013319906,1293,332,519,181,159,77,16,9,28,167,338,224,536
4013319907,817,104,347,101,173,74,18,0,11,37,111,89,569
4013319908,888,202,399,197,23,21,17,29,65,116,360,97,250
4013319909,1013,221,459,182,125,19,0,7,30,129,303,113,438
4013319910,1668,235,586,414,280,136,9,8,125,30,299,222,992
4013320001,3316,1275,1164,505,261,42,69,0,316,698,1464,453,385
4013320002,1668,434,210,397,233,223,46,125,478,432,585,66,107
4013320007,3223,1265,1048,392,332,60,126,0,389,800,1476,309,249
4013320100,1460,759,539,106,50,6,0,0,280,303,518,130,229
4013420104,2083,388,1023,278,242,90,25,37,195,300,732,307,549
4013420105,1935,299,845,298,293,93,81,26,167,146,599,357,666
4013420107,2292,338,955,433,374,125,67,0,43,95,316,242,1596
4013420108,532,82,225,100,82,27,5,11,0,33,169,42,288
4013420109,1494,213,642,158,268,177,12,24,58,79,294,238,825
4013420110,1762,299,767,183,222,167,14,110,111,213,560,157,721
4013420111,1352,336,437,225,208,88,40,18,132,229,555,113,323
4013420112,1141,197,483,159,196,53,53,0,65,171,377,172,356
4013420113,1504,575,552,158,184,35,0,0,187,660,443,148,66
4013420114,1232,284,360,177,238,46,98,29,168,317,458,135,154
4013420115,1138,460,357,68,154,90,9,0,229,416,287,93,113
4013420116,1316,604,408,175,76,36,0,17,207,463,518,43,85
4013420202,2484,905,1018,302,192,61,6,0,369,656,953,238,268
4013420206,1825,791,843,81,63,40,7,0,257,604,564,159,241
4013420207,1203,200,678,211,100,4,10,0,59,79,275,163,627
4013420208,1800,421,513,373,239,128,40,86,138,284,617,313,448
4013420209,1832,584,796,190,127,111,0,24,128,480,740,200,284
4013420210,1949,463,754,239,274,162,36,21,172,468,739,284,286
4013420211,1511,270,660,242,184,78,56,21,50,151,470,211,629
4013420212,1349,464,558,177,138,12,0,0,115,206,531,219,278
4013420213,1301,414,870,8,9,0,0,0,255,234,394,232,186
4013420214,1962,910,794,124,81,30,23,0,327,600,810,117,108
4013420215,599,97,193,167,87,45,4,6,66,105,150,126,152
4013420216,1937,748,680,277,81,87,55,9,314,416,575,164,468
4013420301,697,117,257,132,70,86,24,11,22,109,204,81,281
4013420302,1528,204,616,157,185,280,55,31,100,206,348,270,604
4013420303,1323,174,338,364,261,102,84,0,67,197,344,220,495
4013420304,338,14,129,59,58,23,19,36,9,33,31,61,204
4013420401,1500,503,442,227,145,50,48,85,301,528,395,86,190
4013420402,602,71,217,92,66,104,25,27,32,75,197,86,212
4013420501,2413,728,731,317,371,180,34,52,338,736,874,237,228
4013420503,1281,412,350,173,161,91,80,14,218,344,310,204,205
4013420504,1294,394,364,258,116,104,46,12,143,216,465,150,320
4013420602,1604,200,637,233,345,90,29,70,124,151,578,353,398
4013420603,1353,301,373,222,302,82,16,57,97,276,380,189,411
4013420604,1471,377,572,161,124,82,100,55,67,238,478,268,420
4013420704,1664,255,680,246,237,128,101,17,127,279,496,173,589
4013420705,1047,170,272,195,152,162,73,23,95,69,135,115,633
4013420706,1454,310,464,226,218,136,66,34,120,190,561,111,472
4013420707,1378,503,760,107,0,8,0,0,289,316,532,133,108
4013420708,2157,1219,720,96,79,12,17,14,474,845,690,71,77
4013420709,1872,698,1103,37,0,34,0,0,297,617,612,235,111
4013420710,1520,475,616,183,150,44,39,13,194,498,526,145,157
4013420800,1562,293,577,227,165,175,101,24,120,499,459,134,350
4013420901,1090,184,263,200,149,172,66,56,174,321,389,71,135
4013420902,1232,354,445,125,147,35,80,46,123,318,513,121,157
4013421001,1904,962,534,209,91,73,20,15,409,790,480,82,143
4013421002,1358,696,396,80,94,67,25,0,300,451,359,121,127
4013421101,1543,382,575,114,336,65,51,20,134,461,651,195,102
4013421102,2081,532,522,343,305,205,110,64,246,574,823,214,224
4013421201,2393,1144,735,251,133,66,0,64,349,625,768,293,358
4013421202,1360,394,369,215,226,108,35,13,143,338,576,80,223
4013421302,2173,659,761,286,196,183,78,10,377,805,656,19,316
4013421303,1662,421,479,251,294,113,80,24,310,483,636,97,136
4013421304,1375,649,435,127,99,60,5,0,292,493,435,92,63
4013421400,1256,763,294,96,67,36,0,0,424,533,235,5,59
4013421501,1181,355,377,204,105,26,44,70,320,336,438,78,9
4013421502,1002,187,363,152,76,166,20,38,187,271,355,92,97
4013421601,1067,222,184,242,84,153,172,10,171,303,371,129,93
4013421602,1356,255,277,235,275,232,57,25,253,430,491,86,96
4013421701,1965,694,560,398,145,117,31,20,221,621,906,91,126
4013421702,1553,532,492,158,208,105,17,41,411,517,492,57,76
4013421801,783,121,251,97,110,158,35,11,44,230,289,135,85
4013421802,1343,216,288,303,258,136,59,83,275,314,421,130,203
4013421901,1175,252,426,185,122,100,25,65,200,186,560,157,72
4013421902,1733,287,351,239,419,276,110,51,346,639,619,64,65
4013422001,1282,192,277,273,226,195,85,34,299,492,368,99,24
4013422002,1241,316,373,181,183,39,97,52,237,471,370,76,87
4013422102,1753,601,433,277,143,152,63,84,396,501,691,81,84
4013422103,2276,1124,716,174,122,125,15,0,546,722,867,99,42
4013422104,2397,944,595,315,205,110,131,97,440,837,687,211,222
4013422105,1271,394,436,100,156,142,15,28,215,496,454,43,63
4013422106,2252,655,655,281,225,294,78,64,362,843,836,87,124
4013422107,1828,795,566,205,133,93,12,24,215,621,827,144,21
4013422203,2039,780,626,314,186,37,68,28,378,546,717,153,245
4013422204,1292,402,509,145,134,84,18,0,201,365,316,153,257
4013422205,560,120,257,80,61,29,11,2,17,64,217,72,190
4013422209,2650,748,726,659,314,185,17,1,294,519,995,360,482
4013422210,1892,434,654,353,236,131,67,17,106,199,747,328,512
4013422211,1009,349,334,163,97,66,0,0,52,100,334,155,368
4013422212,1641,361,761,198,209,64,29,19,58,179,499,297,608
4013422213,940,179,309,232,129,72,9,10,35,85,391,210,219
4013422215,792,205,263,172,98,42,1,11,33,155,380,94,130
4013422216,1960,340,798,317,261,111,116,17,107,138,548,537,630
4013422217,1482,448,613,234,129,48,0,10,116,298,572,267,229
4013422218,1006,298,259,132,235,69,0,13,79,161,461,115,190
4013422219,1197,400,383,115,169,52,47,31,81,176,519,231,190
4013422220,732,156,335,86,121,28,1,5,25,70,171,193,273
4013422221,1695,677,564,260,104,63,18,9,73,532,558,189,343
4013422222,810,166,280,164,154,30,14,2,51,79,318,141,221
4013422301,1627,246,415,316,237,222,74,117,226,345,726,173,157
4013422302,1670,543,452,193,247,155,45,35,219,346,717,209,179
4013422304,1193,415,371,208,114,57,11,17,104,200,641,111,137
4013422305,2097,508,767,306,390,87,17,22,0,166,670,322,939
4013422307,1640,509,439,271,223,108,44,46,55,329,634,213,409
4013422308,1808,402,605,246,251,205,42,57,55,243,550,282,678
4013422309,1802,455,521,367,285,89,57,28,73,188,643,299,599
4013422401,1222,463,382,161,86,93,31,6,82,376,400,196,168
4013422402,1713,326,619,252,282,140,92,2,162,349,577,260,365
4013422403,1589,305,469,374,215,134,52,40,45,171,516,274,583
4013422404,1440,173,485,293,276,162,24,27,18,117,411,161,733
4013422501,1935,360,605,324,427,155,35,29,55,318,821,488,253
4013422502,1975,448,641,274,290,168,104,50,121,422,838,259,335
4013422503,2347,799,730,340,170,176,51,81,280,528,928,415,196
4013422504,1848,319,659,454,174,89,116,37,111,410,611,311,405
4013422506,1702,303,609,296,276,142,29,47,81,185,500,314,622
4013422507,1478,297,569,193,239,79,88,13,81,198,376,242,581
4013422508,1233,315,437,192,62,150,54,23,73,228,298,229,405
4013422509,1720,287,564,420,262,65,62,60,73,187,581,331,548
4013422510,955,93,287,234,181,59,57,44,45,42,277,191,400
4013422511,1006,176,343,144,189,102,28,24,60,55,302,241,348
4013422512,1695,356,492,323,201,191,96,36,33,160,433,465,604
4013422513,1481,297,587,223,190,61,84,39,73,255,581,167,405
4013422514,1614,350,551,247,298,63,35,70,46,195,659,252,462
4013422606,2824,95,917,558,512,509,132,101,85,83,723,419,1514
4013422607,2373,1138,932,219,84,0,0,0,221,990,778,185,199
4013422609,1689,518,620,304,102,60,78,7,213,360,562,309,245
4013422610,1560,720,691,81,30,14,24,0,213,523,532,146,146
4013422615,2457,193,856,619,610,53,126,0,57,267,767,426,940
4013422616,1800,534,659,179,226,92,62,48,191,338,739,189,343
4013422617,1910,290,555,504,324,110,85,42,128,187,588,354,653
4013422618,1694,649,1028,17,0,0,0,0,84,457,811,142,200
4013422620,918,125,251,187,187,117,23,28,19,106,207,163,423
4013422621,1277,105,368,238,166,211,114,75,108,84,259,280,546
4013422622,1448,202,484,298,264,100,73,27,103,103,494,274,474
4013422623,1390,146,390,287,312,173,61,21,215,136,337,198,504
4013422624,1592,563,1022,7,0,0,0,0,211,462,646,93,180
4013422625,1757,854,691,83,36,21,9,63,271,492,763,117,114
4013422626,1386,610,701,18,9,40,8,0,207,460,563,76,80
4013422627,1488,418,508,285,105,98,67,7,252,554,472,58,152
4013422628,1565,575,497,179,182,132,0,0,350,576,483,39,117
4013422629,1243,261,623,101,179,54,25,0,46,272,525,256,144
4013422630,2016,560,850,262,201,49,94,0,429,578,711,169,129
4013422631,1755,447,605,283,221,98,95,6,133,336,633,361,292
4013422632,1705,535,706,189,155,85,28,7,143,358,716,236,252
4013422633,1341,532,322,192,204,82,9,0,180,308,552,180,121
4013422634,1876,565,766,212,190,49,47,47,244,489,914,98,131
4013422635,951,202,640,90,0,0,19,0,61,259,363,159,109
4013422636,1125,426,393,138,126,14,0,28,139,215,492,141,138
4013422637,1091,150,336,175,215,150,43,22,20,86,427,196,362
4013422638,1553,353,533,324,251,23,54,15,261,315,425,262,290
4013422639,2124,860,1156,96,12,0,0,0,326,523,899,114,262
4013422640,1914,550,767,210,243,137,7,0,240,401,647,229,397
4013422641,2110,449,568,349,439,204,69,32,143,253,840,282,592
4013422642,1820,329,552,420,282,160,53,24,69,210,658,327,556
4013422643,1884,227,488,511,350,204,61,43,69,170,617,395,633
4013422644,2919,385,1457,400,342,204,116,15,171,247,1105,427,969
4013422646,2949,213,796,551,647,400,180,162,35,187,764,551,1412
4013522800,293,11,138,65,48,26,5,0,59,81,97,33,23
4013522901,1754,499,656,341,186,55,17,0,188,337,754,196,279
4013522903,1466,324,344,239,182,226,92,59,243,411,611,126,75
4013522904,1469,293,461,231,263,127,7,87,274,320,513,186,176
4013523002,1761,357,483,231,318,242,130,0,294,572,500,226,169
4013523003,2329,676,725,383,231,275,39,0,253,456,875,364,381
4013523005,1910,513,699,402,164,65,67,0,94,179,758,408,471
4013523006,2119,606,731,270,177,258,37,40,179,353,734,337,516
4013523102,1648,326,491,231,259,167,56,118,269,370,576,168,265
4013523103,2177,739,748,250,235,180,17,8,180,566,641,251,539
4013523104,2177,677,877,256,190,105,54,18,379,433,722,245,398
4013610000,2233,297,1019,328,301,258,22,8,91,253,817,218,854
4013610100,396,76,189,41,23,31,28,8,15,69,153,51,108
4013610200,3008,561,1751,302,265,99,16,14,128,293,873,423,1291
4013610300,3057,502,824,383,872,321,142,13,125,340,819,384,1389
4013610400,1788,228,438,511,290,186,104,31,9,263,582,247,687
4013610500,2367,438,1139,363,235,102,13,77,196,237,702,283,949
4013610600,2103,389,843,243,335,256,27,10,142,240,644,286,791
4013610700,2869,631,1287,429,309,81,85,47,156,462,844,357,1050
4013610800,1349,193,441,280,302,104,29,0,46,57,229,279,738
4013610900,2419,344,813,424,498,196,80,64,54,150,527,444,1244
4013611000,769,98,222,130,184,60,42,33,13,13,98,135,510
4013611100,871,64,275,127,228,71,74,32,12,28,142,89,600
4013611200,1711,148,550,371,366,150,87,39,7,67,339,308,990
4013611300,2008,688,789,197,176,119,29,10,105,287,802,256,558
4013611400,2246,234,932,317,525,97,85,56,38,129,561,411,1107
4013611500,2109,302,565,537,380,177,92,56,65,134,435,308,1167
4013611600,1085,180,421,215,193,56,0,20,21,101,216,167,580
4013611700,2099,290,799,454,386,161,9,0,105,157,412,342,1083
4013611800,2419,459,914,536,181,236,72,21,94,276,889,339,821
4013611900,891,187,248,206,144,69,18,19,14,81,269,139,388
4013612000,1158,152,494,185,235,69,13,10,15,81,206,128,728
4013612200,1763,397,650,255,336,84,30,11,95,154,460,283,771
4013612300,3100,681,1063,535,614,129,64,14,142,426,835,679,1018
4013612400,2754,544,1013,519,433,132,97,16,77,313,695,402,1267
4013612500,1557,220,670,203,372,64,28,0,37,67,450,168,835
4013612600,931,249,352,202,93,35,0,0,32,129,295,156,319
4013612700,871,169,392,88,155,55,8,4,33,94,220,110,414
4013612800,814,189,281,130,157,22,35,0,49,65,171,128,401
4013612900,902,179,352,142,155,35,20,19,48,64,209,132,449
4013613000,1500,72,842,257,237,92,0,0,87,76,300,146,891
4013613100,1242,168,884,104,71,15,0,0,96,124,305,117,600
4013613200,1416,165,694,193,194,136,24,10,115,104,368,90,739
4013613300,2537,207,981,559,509,136,129,16,90,60,624,273,1490
4013613400,1299,278,565,221,159,40,7,29,128,213,465,203,290
4013613500,1476,276,558,217,204,176,37,8,115,227,485,273,376
4013613600,1493,259,553,367,186,77,23,28,147,246,484,232,384
4013613700,1622,146,555,279,443,162,24,13,44,64,404,382,728
4013613800,1346,191,513,204,287,82,69,0,7,186,302,183,668
4013613900,1925,279,633,322,512,106,73,0,42,123,381,385,994
4013614000,1571,300,552,246,282,136,16,39,34,75,368,336,758
4013614100,2076,240,768,383,416,154,115,0,49,102,592,280,1053
4013614200,1742,339,673,353,244,104,29,0,76,119,463,227,857
4013614300,1217,156,699,188,113,40,10,11,43,91,281,173,629
4013614400,1349,358,470,265,157,81,7,11,73,320,488,174,294
4013614500,1553,312,716,151,234,31,71,38,115,199,635,202,402
4013614600,2686,1013,855,282,346,104,71,15,179,785,997,427,298
4013614700,1296,578,401,286,31,0,0,0,285,444,385,69,113
4013614800,1673,610,531,247,184,77,18,6,73,431,753,135,281
4013614900,1668,539,577,277,192,41,32,10,182,221,440,233,592
4013615000,3332,874,1001,638,609,168,29,13,159,186,854,443,1690
4013615100,1404,234,538,193,320,88,16,15,80,57,258,153,856
4013615200,3310,1542,1210,292,170,59,37,0,123,201,1279,421,1286
4013615300,1085,346,639,85,0,0,15,0,76,222,478,171,138
4013615400,1622,642,933,47,0,0,0,0,226,473,646,176,101
4013615500,1535,681,832,17,5,0,0,0,71,336,791,153,184
4013615600,1839,567,1045,152,64,0,11,0,186,317,860,111,365
4013615700,992,176,462,184,70,57,28,15,30,61,321,173,407
4013615800,1936,499,758,265,259,75,39,41,194,213,560,265,704
4013615900,1685,457,669,265,183,82,29,0,283,235,450,212,505
4013616000,587,134,198,104,102,23,26,0,66,69,128,130,194
4013616100,1386,387,486,310,119,53,31,0,98,284,563,202,239
4013616200,1225,248,459,287,105,97,11,18,83,100,439,299,304
4013616300,729,90,361,125,95,41,3,14,21,79,279,137,213
4013616400,2468,818,938,448,183,76,5,0,256,568,905,341,398
4013616500,1527,679,425,243,104,68,8,0,156,373,707,145,146
4013616600,2001,513,669,398,285,102,34,0,195,408,666,415,317
4013616700,1928,472,776,391,199,53,21,16,90,379,762,350,347
4013616800,2260,509,937,400,267,132,9,6,129,519,665,398,549
4013616900,1897,638,661,278,291,29,0,0,219,317,590,265,506
4013617000,2700,1054,742,393,198,201,80,32,283,716,947,385,369
4013617100,904,251,275,185,173,20,0,0,77,75,285,133,334
4013617200,1029,216,457,144,163,49,0,0,71,99,268,169,422
4013617300,1259,401,379,139,208,98,32,2,51,118,508,163,419
4013617400,3762,1608,1617,296,194,22,25,0,373,1023,1420,453,493
4013617500,1988,768,1065,50,62,37,6,0,216,505,918,214,135
4013617600,2390,826,693,401,329,115,26,0,203,431,949,392,415
4013617700,1575,537,602,169,185,52,3,27,162,245,798,149,221
4013617800,854,121,383,164,124,45,17,0,50,56,147,121,480
4013617900,1048,307,373,155,87,81,45,0,52,228,383,117,268
4013618000,1602,321,464,359,276,97,59,26,66,251,513,378,394
4013618100,1666,344,609,375,225,77,19,17,63,211,493,316,583
4013618200,1515,382,487,344,243,41,9,9,118,374,615,243,165
4013618300,1143,292,361,206,185,70,20,9,36,132,460,245,270
4013618400,1446,433,462,289,112,84,59,7,95,390,696,183,82
4013618500,1585,499,587,263,149,51,0,36,140,482,600,233,130
4013618600,1570,493,295,283,216,161,45,77,228,333,628,187,194
4013618700,967,158,299,199,194,90,27,0,101,130,485,75,176
4013618800,1929,716,542,245,278,104,8,36,319,604,762,134,110
4013618900,2922,1233,748,372,349,171,49,0,366,742,1111,278,425
4013619000,1499,539,519,207,169,44,21,0,171,386,518,141,283
4013619100,1366,611,337,156,102,90,61,9,251,519,378,168,50
4013619200,2184,791,476,465,285,108,59,0,343,801,751,157,132
4013619300,1724,536,693,226,105,57,57,50,230,382,715,192,205
4013619400,2051,825,616,232,167,125,61,25,236,635,855,179,146
4013619500,2089,550,624,340,300,130,89,56,240,338,822,287,402
4013619600,768,208,333,86,65,34,6,36,39,117,369,83,160
4013619700,1520,458,508,218,280,39,17,0,113,271,740,147,249
4013619800,1953,601,714,412,171,55,0,0,144,443,675,331,360
4013619900,2190,627,617,354,498,45,49,0,114,143,586,357,990
4013723303,23,0,23,0,0,0,0,0,0,0,11,0,12
4013723304,1545,276,679,201,143,190,36,20,190,275,551,180,349
4013723305,856,195,263,120,95,89,68,26,169,329,196,66,96
4013723306,54,17,3,28,0,6,0,0,21,5,16,6,6
4013723307,748,72,340,138,141,32,0,25,10,111,206,84,337
4013723308,2630,337,1065,383,444,309,49,43,234,154,795,469,978
4013810000,733,189,183,205,109,26,16,5,48,50,108,107,420
4013810100,2492,463,946,468,403,118,94,0,85,134,431,321,1521
4013810200,1317,372,382,177,313,46,27,0,73,96,459,126,563
4013810300,2334,773,698,362,303,57,121,20,200,431,631,420,652
4013810400,1803,407,752,201,249,93,88,13,131,224,528,209,711
4013810500,1946,394,696,531,246,66,13,0,53,201,378,471,843
4013810600,2441,711,925,297,463,16,14,15,82,273,872,447,767
4013810700,2546,813,766,520,183,114,79,71,126,420,872,387,741
4013810800,1568,357,540,252,255,84,57,23,54,156,517,268,573
4013810900,2096,625,669,407,318,35,17,25,43,133,936,365,619
4013811000,938,105,380,210,131,89,16,7,0,43,255,101,539
4013811100,852,183,266,193,151,51,8,0,39,97,318,148,250
4013811200,1264,468,358,271,94,52,21,0,74,200,441,176,373
4013811300,952,117,342,166,227,68,21,11,41,53,302,178,378
4013811400,1764,262,631,418,271,123,37,22,65,165,538,349,647
4013811500,802,87,312,139,161,64,19,20,10,51,228,91,422
4013811600,1413,289,471,273,213,131,24,12,81,153,355,331,493
4013811700,1663,491,457,357,256,56,25,21,147,288,566,294,368
4013811800,789,210,228,113,126,59,20,33,17,29,225,127,391
4013811900,2203,459,757,390,382,169,46,0,27,199,657,415,905
4013812000,1481,354,365,286,248,149,28,51,117,259,495,259,351
4013812100,2090,407,756,412,310,75,52,78,28,137,632,560,733
4013812200,2443,436,786,351,481,279,65,45,41,309,484,493,1116
4013812300,1629,428,378,262,379,128,29,25,54,298,438,159,680
4013812400,1262,189,329,148,425,105,47,19,37,111,254,198,662
4013812500,667,85,151,123,179,75,11,43,5,51,147,99,365
4013812600,1799,392,774,282,284,67,0,0,110,229,445,273,742
4013812700,2174,486,573,492,511,61,51,0,104,276,476,166,1152
4013812800,1388,153,306,382,289,148,66,44,57,70,200,183,878
4013812900,1014,232,384,191,127,75,0,5,95,48,221,107,543
4013813000,1600,214,859,135,238,115,7,32,72,162,421,144,801
4013813100,751,72,161,110,239,141,23,5,12,10,101,109,519
4013813200,1110,126,234,214,312,130,77,17,19,32,137,119,803
4013813300,1622,194,397,277,482,146,108,18,73,27,203,203,1116
4013813400,1269,207,368,204,350,106,33,1,86,84,186,143,770
4013813500,886,79,272,100,300,49,52,34,40,80,120,111,535
4013813600,1133,75,487,160,257,106,48,0,40,14,160,139,780
4013813700,1435,432,961,37,5,0,0,0,120,186,635,220,274
4013813800,1597,830,743,24,0,0,0,0,196,566,629,115,91
4013813900,1770,301,507,329,339,208,70,16,87,142,470,263,808
4013814000,1230,391,707,45,33,54,0,0,98,206,532,178,216
4013814100,1687,242,286,357,474,214,60,54,39,78,383,328,859
4013814200,904,142,375,130,172,43,19,23,36,71,154,192,451
4013814300,1297,299,405,239,228,71,33,22,23,124,436,262,452
4013814400,1637,358,477,256,362,99,31,54,67,129,534,323,584
4013814500,1696,200,533,397,362,88,69,47,52,177,605,238,624
4013814600,1522,243,476,290,380,109,24,0,54,188,484,355,441
4013814700,1380,213,435,266,296,138,20,12,62,153,346,202,617
4013814800,2436,536,572,543,409,199,112,65,109,258,829,490,750
4013814900,934,150,393,144,178,59,10,0,12,103,324,146,349
4013815000,1148,52,356,230,281,132,38,59,5,70,99,204,770
4013815100,1545,321,350,170,341,270,66,27,17,110,457,310,651
4013815200,2757,433,935,593,427,279,86,4,162,319,761,533,982
4013815300,1094,45,239,219,281,222,54,34,16,39,137,125,777
4013815400,2513,430,677,504,422,349,119,12,199,217,520,540,1037
4013815500,2196,471,815,400,324,101,41,44,59,259,660,307,911
4013815600,1529,55,456,274,384,233,32,95,15,71,341,330,772
4013815700,1635,123,373,370,452,223,50,44,0,25,499,337,774
4013815800,1876,424,416,346,408,100,109,73,55,223,490,264,844
4013815900,2494,182,681,475,719,266,105,66,61,54,562,352,1465
4013816000,3542,200,795,665,870,618,241,153,126,114,598,456,2248
4013816100,1939,127,432,383,450,384,88,75,57,114,443,384,941
4013816200,1092,92,329,240,242,106,62,21,56,118,346,155,417
4013816300,2042,500,1280,105,120,37,0,0,94,370,784,271,523
4013816400,2240,182,726,401,593,249,53,36,124,117,478,438,1083
4013816500,1164,146,316,142,335,117,101,7,28,133,182,172,649
4013816600,1212,43,215,165,258,318,163,50,28,17,139,272,756
4013816700,715,65,171,107,194,110,34,34,19,36,176,120,364
4013816800,1108,169,285,139,282,152,68,13,59,31,249,152,617
4013816900,1478,259,337,246,334,158,116,28,59,130,474,260,555
4013817000,1068,116,394,142,170,158,77,11,66,79,177,94,652
4013817100,2800,717,673,483,530,144,222,31,269,633,680,376,842
4013817200,2031,282,626,252,480,158,155,78,63,190,569,316,893
4013817300,3092,928,2114,44,6,0,0,0,165,526,1227,449,725
4013817400,1744,716,1011,17,0,0,0,0,152,627,665,160,140
4013817500,1647,558,1027,62,0,0,0,0,154,397,566,288,242
4013817600,441,56,174,66,37,36,32,40,29,26,125,54,207
4013940700,49,32,0,8,0,0,0,9,26,0,19,0,4
4013941000,837,144,108,113,140,110,64,158,201,234,274,50,78
4013941100,15,11,0,0,0,0,0,4,11,0,4,0,0
4013941200,296,51,82,52,43,37,11,20,63,62,121,21,29
4013941300,2295,812,774,245,188,134,71,71,470,774,716,116,219
4013980100,0,0,0,0,0,0,0,0,0,0,0,0,0
4013980400,0,0,0,0,0,0,0,0,0,0,0,0,0
4013980500,11,0,11,0,0,0,0,0,0,0,11,0,0
4013980600,132,13,41,40,11,13,14,0,0,0,11,25,96
4013980700,0,0,0,0,0,0,0,0,0,0,0,0,0
