variable_names,ptotals,psex,psex,page,page,page,page,page,page,page,page,page,page,empl,empl,empl,empl
variable_categories,1,1,2,1,2,3,4,5,6,7,8,9,10,1,2,3,4
geo,,,,,,,,,,,,,,,,,
4013010101,4786,2410,2376,319,302,165,91,186,504,634,631,1132,822,1598,35,2532,621
4013010102,4440,2282,2158,30,76,101,24,69,155,584,1338,1679,384,1698,75,2561,106
4013030401,4189,2241,1948,52,190,86,25,246,69,718,766,1369,668,1427,33,2487,242
4013030402,4277,2089,2188,148,307,189,128,176,338,686,1225,703,377,1777,192,1853,455
4013040502,5050,2287,2763,135,601,222,143,553,298,498,910,733,957,2070,2,2242,736
4013040506,5515,2473,3042,0,0,0,0,18,20,388,851,1795,2443,951,118,4446,0
4013040507,6303,2682,3621,0,0,0,0,46,101,183,960,1521,3492,653,28,5622,0
4013040512,1703,758,945,0,0,6,8,0,0,28,144,451,1066,139,9,1555,0
4013040513,2955,1400,1555,0,0,0,19,0,0,134,343,956,1503,294,8,2653,0
4013040514,2936,1255,1681,0,0,0,13,0,0,66,356,1156,1345,361,22,2553,0
4013040515,4681,2674,2007,98,468,147,292,334,497,475,810,1006,554,1884,96,2135,566
4013040516,4420,2164,2256,115,483,136,27,282,338,429,995,1331,284,1219,146,2457,598
4013040517,7556,3574,3982,545,967,417,399,939,1063,928,980,927,391,2750,477,2817,1512
4013040518,6953,3361,3592,673,1111,198,243,965,804,757,1078,886,238,2874,89,2206,1784
4013040519,4911,2285,2626,187,731,154,75,151,481,307,1190,1292,343,1409,133,2451,918
4013040520,4369,2065,2304,201,1074,330,119,267,877,689,433,279,100,2073,72,949,1275
4013040521,7245,3669,3576,884,1662,332,316,1453,1275,645,402,201,75,3535,106,1058,2546
4013040522,4360,1921,2439,0,0,0,0,0,0,68,491,1463,2338,253,23,4084,0
4013040523,2872,1456,1416,0,9,0,0,0,18,111,588,1426,720,471,60,2332,9
4013040524,1433,706,727,0,0,0,0,19,7,27,257,794,329,209,20,1204,0
4013040525,3370,1676,1694,0,0,0,0,0,34,142,481,1875,838,394,33,2943,0
4013040526,2065,970,1095,0,0,0,0,15,10,57,285,932,766,296,23,1746,0
4013040527,3674,1727,1947,150,306,141,39,471,364,342,405,706,750,1148,117,1953,456
4013040528,6239,2798,3441,0,0,0,0,0,68,122,773,3196,2080,676,13,5550,0
4013040529,3059,1385,1674,0,0,0,0,0,23,53,490,1525,968,366,25,2668,0
4013040530,3880,1957,1923,178,664,124,231,456,555,467,558,438,209,1714,188,1136,842
4013040531,3747,1664,2083,121,261,84,152,270,207,337,385,728,1202,1168,49,2148,382
4013050603,4935,2648,2287,344,686,263,361,747,714,616,574,478,152,1745,296,1864,1030
4013050604,3735,1978,1757,300,863,286,238,328,642,423,289,222,144,1306,215,1051,1163
4013050605,7542,3862,3680,793,1492,410,276,926,1098,907,792,600,248,2794,191,2272,2285
4013050606,7462,3717,3745,412,1506,609,224,462,1222,1495,937,477,118,3409,240,1895,1918
4013050607,7540,3390,4150,641,1529,579,451,890,1297,968,613,354,218,2957,139,2274,2170
4013050608,8028,3664,4364,659,1892,537,472,1032,1079,941,578,411,427,3208,328,1941,2551
4013050609,4730,2342,2388,239,949,274,214,788,562,444,512,566,182,2083,226,1233,1188
4013050610,9417,4662,4755,688,2009,807,416,1413,1353,1101,941,403,286,4484,141,2095,2697
4013050611,5168,2592,2576,473,1018,432,370,887,709,554,366,164,195,2242,115,1320,1491
4013050701,5455,2763,2692,451,1043,331,352,854,741,706,478,248,251,2390,98,1473,1494
4013050702,5024,2581,2443,396,810,272,362,730,790,657,518,314,175,1967,122,1729,1206
4013060801,5879,2678,3201,454,1042,277,344,602,678,690,715,629,448,1755,372,2256,1496
4013060802,2607,1175,1432,279,468,150,121,622,305,243,194,125,100,1185,104,571,747
4013060901,4867,2440,2427,536,1128,244,332,1040,619,401,325,177,65,2080,158,965,1664
4013060902,3360,1826,1534,356,709,203,320,460,345,252,214,286,215,1055,70,1170,1065
4013060903,5759,2942,2817,577,1437,508,583,749,801,531,308,183,82,2236,260,1249,2014
4013060904,3618,1856,1762,295,678,249,251,634,481,441,359,125,105,1553,132,960,973
4013061009,9735,4581,5154,698,1391,325,512,1636,1329,808,1494,1088,454,4353,132,3161,2089
4013061010,4756,2398,2358,141,759,167,120,339,672,615,788,548,607,2115,118,1623,900
4013061011,6526,3387,3139,543,1406,530,484,842,961,868,386,441,65,2926,207,1444,1949
4013061012,8156,4045,4111,491,1506,763,408,877,1180,1113,796,669,353,3647,107,2405,1997
4013061013,6537,3232,3305,471,1529,445,320,900,1097,825,538,246,166,3068,175,1294,2000
4013061014,6121,2759,3362,394,964,272,572,1211,987,835,483,296,107,3636,184,943,1358
4013061015,5659,2658,3001,440,962,407,276,871,684,752,717,398,152,2700,172,1385,1402
4013061016,5610,2804,2806,383,1339,376,183,479,1128,778,606,269,69,2646,132,1110,1722
4013061017,3389,276,3113,0,0,21,216,1460,1016,526,120,17,13,0,0,3389,0
4013061018,4413,2032,2381,0,0,0,0,0,0,41,711,2404,1257,656,42,3715,0
4013061019,3972,1889,2083,378,719,230,261,512,611,607,311,217,126,1776,111,988,1097
4013061020,3823,1864,1959,156,719,211,193,390,559,654,515,333,93,1858,172,918,875
4013061021,2110,1065,1045,164,567,219,76,146,419,250,161,77,31,950,43,386,731
4013061022,10162,5029,5133,677,2289,532,591,1511,1863,914,1138,459,188,4683,257,2256,2966
4013061023,11377,5342,6035,1071,2263,416,535,1670,2136,1574,887,622,203,6041,190,1812,3334
4013061024,2198,1084,1114,141,490,169,301,365,226,245,172,37,52,1065,77,425,631
4013061025,9864,5282,4582,826,2246,892,258,1287,1722,1129,647,673,184,4315,344,2133,3072
4013061026,5636,2659,2977,392,1355,221,211,706,1096,667,477,329,182,2473,192,1224,1747
4013061027,4797,2041,2756,278,653,332,237,653,680,521,761,407,275,2382,172,1312,931
4013061028,2786,1476,1310,238,592,114,186,488,396,356,283,72,61,1314,155,487,830
4013061029,4506,2053,2453,211,605,216,203,744,529,713,538,399,348,2169,170,1351,816
4013061030,7930,3734,4196,581,1802,581,169,1139,1325,1004,745,383,201,3582,288,1677,2383
4013061031,4150,2030,2120,317,883,328,161,444,808,410,378,324,97,1935,47,968,1200
4013061032,6465,3149,3316,453,1460,377,453,972,1193,726,474,303,54,2956,310,1286,1913
4013061033,6698,3341,3357,569,1179,301,620,1064,1004,697,714,426,124,3098,252,1600,1748
4013061034,7404,3870,3534,589,1527,458,456,846,1305,907,826,399,91,3337,251,1700,2116
4013061035,7428,3715,3713,551,1308,570,383,893,1286,844,784,497,312,3597,160,1812,1859
4013061036,3453,1542,1911,381,792,148,152,443,677,394,262,137,67,1471,104,705,1173
4013061037,5075,2482,2593,299,1300,254,220,645,1025,486,529,234,83,2407,128,941,1599
4013061038,4723,2207,2516,335,1018,309,149,637,744,757,413,311,50,2207,218,945,1353
4013061039,4496,2253,2243,240,1160,242,234,551,624,516,536,309,84,1902,153,1041,1400
4013061040,4409,2340,2069,281,709,363,338,1003,573,628,328,113,73,2363,108,948,990
4013061041,4548,1970,2578,426,998,308,231,813,716,560,315,156,25,2090,183,851,1424
4013061042,2091,1022,1069,180,269,33,35,219,157,146,297,490,265,584,60,998,449
4013061043,2678,1349,1329,186,603,192,244,366,399,430,203,47,8,1335,117,437,789
4013061044,7644,3191,4453,572,1721,510,344,1174,1264,922,647,325,165,3500,267,1584,2293
4013061045,5829,3103,2726,270,864,348,246,456,681,856,1092,547,469,2458,94,2143,1134
4013061046,5832,2771,3061,372,1173,404,369,661,913,1048,495,350,47,2807,113,1367,1545
4013061047,3528,1696,1832,260,691,235,155,343,681,439,481,137,106,1767,96,714,951
4013061100,2693,1553,1140,265,337,378,755,468,270,55,114,51,0,1534,28,529,602
4013061200,6227,3270,2957,459,1275,408,646,1001,776,766,491,207,198,2629,268,1596,1734
4013061300,1936,957,979,106,206,68,240,268,208,324,316,121,79,989,40,595,312
4013061401,1981,1023,958,179,414,145,215,252,172,253,248,57,46,738,196,454,593
4013061402,5517,2706,2811,562,1209,420,432,773,744,579,467,185,146,1921,192,1633,1771
4013071503,4857,1933,2924,0,15,0,0,22,38,87,694,1265,2736,644,43,4155,15
4013071504,3440,1522,1918,0,0,0,0,32,62,85,484,1326,1451,413,79,2948,0
4013071505,6713,2727,3986,57,123,30,178,229,229,464,1010,2000,2393,1502,88,4943,180
4013071506,4206,1816,2390,0,1,34,19,32,50,161,739,1642,1528,654,11,3540,1
4013071509,6287,2868,3419,265,898,388,246,909,693,868,888,858,274,2965,122,2037,1163
4013071510,4080,2058,2022,156,623,212,313,367,461,566,762,267,353,2045,110,1146,779
4013071511,3689,1911,1778,121,533,247,199,656,486,505,389,221,332,1913,134,988,654
4013071512,6355,3099,3256,115,1291,297,444,594,1055,1321,685,374,179,3534,249,1166,1406
4013071513,1603,807,796,48,224,122,103,118,178,269,235,193,113,794,33,504,272
4013071514,4213,1950,2263,307,677,318,248,442,519,738,509,344,111,2336,130,763,984
4013071515,3494,1873,1621,118,373,132,258,385,198,599,311,452,668,1459,159,1385,491
4013071516,3085,1245,1840,148,33,82,328,298,133,170,390,504,999,1153,49,1702,181
4013071517,3911,1659,2252,336,538,155,227,755,496,539,506,254,105,2055,147,835,874
4013071600,3773,1748,2025,213,444,255,132,553,409,509,344,439,475,1240,364,1512,657
4013071701,2944,1445,1499,276,608,157,191,525,421,260,193,175,138,1163,109,788,884
4013071702,2923,1106,1817,0,0,15,0,0,0,195,664,792,1257,344,100,2479,0
4013071801,4755,2022,2733,22,48,11,7,126,79,449,800,1602,1611,957,257,3471,70
4013071802,3454,1606,1848,0,0,0,0,23,22,210,704,991,1504,679,70,2705,0
4013071903,6730,3771,2959,355,1324,202,371,1087,833,683,974,509,392,3391,137,1523,1679
4013071906,5513,2660,2853,428,1040,388,426,675,638,784,635,338,161,2649,233,1163,1468
4013071909,3995,1791,2204,353,544,144,252,487,463,541,415,396,400,1770,142,1186,897
4013071910,7021,3694,3327,492,1061,425,676,1074,874,689,874,569,287,3287,538,1643,1553
4013071911,3407,1758,1649,288,618,202,275,577,426,460,318,132,111,1783,184,534,906
4013071912,3146,1590,1556,163,675,52,307,451,469,358,464,150,57,1312,214,782,838
4013071913,4979,2246,2733,433,996,404,330,596,682,613,387,345,193,2053,175,1322,1429
4013071914,3246,1634,1612,242,604,177,286,578,411,449,278,157,64,1449,139,812,846
4013071915,3462,1742,1720,336,629,83,236,495,309,529,484,247,114,1231,165,1101,965
4013082002,6566,3501,3065,593,1166,400,796,939,912,691,570,392,107,3394,291,1122,1759
4013082007,3978,2025,1953,339,560,202,481,551,556,509,381,237,162,1911,159,1009,899
4013082008,5365,2656,2709,537,1031,344,411,873,765,660,390,202,152,2187,309,1301,1568
4013082009,5443,2644,2799,464,1633,301,383,796,733,569,348,168,48,1997,172,1177,2097
4013082010,4308,2312,1996,244,995,246,651,736,363,454,349,174,96,1810,225,1034,1239
4013082012,6419,3125,3294,572,1162,444,408,1110,1155,667,580,276,45,3411,190,1084,1734
4013082016,2726,1351,1375,187,630,227,199,362,450,271,214,125,61,1296,89,524,817
4013082017,4895,2500,2395,553,889,301,591,1024,592,536,258,122,29,2330,259,864,1442
4013082018,5680,3024,2656,544,1194,516,456,987,861,630,316,142,34,2558,266,1118,1738
4013082019,2736,1591,1145,94,314,190,227,395,303,507,351,259,96,1469,99,760,408
4013082020,3976,1919,2057,195,444,292,257,500,580,660,614,333,101,2386,146,805,639
4013082021,1910,1035,875,118,333,126,166,302,252,340,144,101,28,1014,97,348,451
4013082022,4719,2310,2409,355,1016,248,287,888,726,589,319,194,97,2351,114,883,1371
4013082023,5100,2500,2600,424,832,408,369,584,828,744,524,310,77,2667,114,1063,1256
4013082024,4555,2355,2200,381,899,239,416,743,710,568,237,238,124,2085,156,1034,1280
4013082025,2576,1187,1389,294,426,107,294,470,328,255,234,151,17,1203,87,566,720
4013082026,5545,2704,2841,414,1059,295,467,951,841,695,483,255,85,2518,194,1360,1473
4013082027,4432,2134,2298,354,885,415,390,827,822,357,265,89,28,2218,142,833,1239
4013082028,4472,2148,2324,268,706,411,539,490,606,735,423,233,61,2062,215,1221,974
4013082203,10161,4929,5232,1189,2123,683,722,2418,1412,757,615,180,62,4950,238,1661,3312
4013082204,6798,3315,3483,805,1482,578,592,1448,785,404,516,110,78,2854,223,1434,2287
4013082205,5761,2636,3125,726,1085,260,410,1040,883,768,368,158,63,2651,223,1076,1811
4013082206,3979,1933,2046,429,752,344,433,649,602,437,179,136,18,1871,111,816,1181
4013082207,3019,1632,1387,216,778,238,198,496,376,342,176,107,92,1109,145,771,994
4013082208,3010,1442,1568,255,664,172,155,384,493,368,238,170,111,1156,61,874,919
4013082209,2745,1478,1267,138,423,56,130,496,253,402,402,260,185,1054,50,1080,561
4013082210,5148,2686,2462,435,1162,358,373,884,984,495,232,135,90,2116,341,1094,1597
4013082211,5335,2388,2947,487,1338,224,399,785,889,623,352,122,116,2509,88,913,1825
4013083000,6985,3322,3663,540,1186,209,825,1135,627,933,719,571,240,2840,213,2206,1726
4013092305,4415,2415,2000,305,746,238,171,905,519,516,570,301,144,1897,179,1288,1051
4013092306,6933,3703,3230,384,1115,417,546,906,818,877,1063,413,394,3345,280,1809,1499
4013092307,6509,3257,3252,393,1028,502,191,908,890,893,810,448,446,2499,260,2329,1421
4013092308,6614,3398,3216,510,902,420,356,869,944,1145,845,377,246,3130,75,1997,1412
4013092309,5867,2836,3031,151,913,366,317,749,864,918,791,463,335,2510,241,2052,1064
4013092311,2729,1420,1309,213,372,182,305,531,311,489,186,56,84,990,138,1016,585
4013092312,5256,2123,3133,548,485,380,720,805,469,555,370,292,632,2306,55,1862,1033
4013092401,4421,2247,2174,412,603,279,442,768,382,659,345,280,251,2003,232,1171,1015
4013092402,3524,1836,1688,362,296,264,132,674,399,415,517,292,173,1789,149,928,658
4013092500,5409,2505,2904,361,1007,293,274,774,597,611,676,347,469,2027,190,1824,1368
4013092600,3440,1586,1854,218,730,238,287,459,577,460,295,124,52,1217,127,1148,948
4013092705,3705,1638,2067,309,614,216,245,423,642,694,331,142,89,1741,144,897,923
4013092708,2052,908,1144,250,340,95,236,397,111,306,206,79,32,962,101,399,590
4013092709,4243,2062,2181,245,508,373,275,570,539,651,574,376,132,1932,218,1340,753
4013092710,4254,2368,1886,181,413,341,307,492,534,836,710,313,127,2304,187,1169,594
4013092711,3148,1676,1472,178,545,171,285,434,482,337,421,219,76,1333,67,1025,723
4013092712,5212,2292,2920,583,779,316,504,775,659,755,507,203,131,2474,176,1200,1362
4013092713,5223,2659,2564,377,848,571,467,606,760,550,596,304,144,2170,181,1647,1225
4013092715,4223,2101,2122,535,728,254,306,832,571,483,307,138,69,1827,106,1027,1263
4013092716,3652,1879,1773,274,736,264,158,486,529,413,400,213,179,1584,146,912,1010
4013092717,5146,2433,2713,647,824,365,412,1232,499,512,443,122,90,2275,132,1268,1471
4013092718,3961,1902,2059,596,1055,127,205,633,542,326,316,126,35,1341,113,856,1651
4013092719,3904,2046,1858,224,524,128,336,797,504,490,548,229,124,2049,87,1020,748
4013092720,4989,2441,2548,387,622,346,334,1240,618,727,427,211,77,2918,152,910,1009
4013092721,3160,1577,1583,242,526,203,125,523,486,499,336,129,91,1797,21,574,768
4013092723,3907,1949,1958,381,553,222,296,597,714,441,349,275,79,2035,134,804,934
4013092724,3721,1629,2092,163,445,227,136,386,446,502,600,381,435,1481,235,1397,608
4013092801,5410,2663,2747,541,1321,368,379,792,914,461,324,261,49,1766,247,1535,1862
4013092802,5901,2865,3036,724,1221,421,627,753,829,784,308,170,64,2153,276,1527,1945
4013092900,2959,1473,1486,227,619,206,187,376,405,341,336,147,115,1007,184,922,846
4013093001,5225,2607,2618,403,993,333,462,893,652,751,421,164,153,2130,342,1357,1396
4013093002,4830,2643,2187,717,870,246,381,688,685,490,407,190,156,1559,202,1482,1587
4013093101,4976,2574,2402,486,1031,397,405,608,518,458,637,253,183,1946,247,1266,1517
4013093104,4967,2373,2594,594,1078,148,378,835,663,670,323,154,124,1719,306,1270,1672
4013093105,6161,3027,3134,624,1324,370,402,1003,885,647,616,193,97,2207,233,1773,1948
4013093106,4387,2385,2002,287,980,294,330,533,602,732,339,200,90,1441,322,1357,1267
4013093200,3234,1555,1679,233,680,130,231,609,482,393,269,130,77,1418,76,827,913
4013103205,2918,1504,1414,145,330,150,146,265,274,574,489,336,209,1558,55,830,475
4013103206,2545,1145,1400,107,388,145,124,125,306,433,387,310,220,1250,66,734,495
4013103207,2613,1319,1294,107,360,134,95,197,363,414,469,215,259,1323,63,760,467
4013103208,4320,2055,2265,240,196,153,466,434,464,540,625,617,585,2349,120,1415,436
4013103209,4820,2188,2632,26,549,328,208,347,422,919,920,786,315,2435,75,1735,575
4013103210,6910,3403,3507,410,445,443,367,1727,851,1050,773,393,451,4139,436,1480,855
4013103211,4002,1992,2010,216,520,105,105,348,618,799,687,415,189,2161,97,1008,736
4013103212,4350,2176,2174,219,543,280,238,380,569,551,895,496,179,2264,85,1239,762
4013103214,4332,2169,2163,113,713,238,160,395,554,734,751,441,233,2487,76,943,826
4013103215,2994,1557,1437,140,318,287,120,224,351,538,515,255,246,1459,67,1010,458
4013103216,5130,2329,2801,291,676,280,217,677,477,1005,721,600,186,2924,213,1026,967
4013103217,6956,3347,3609,391,1143,436,445,1029,721,1153,754,559,325,3496,291,1635,1534
4013103219,2949,1436,1513,98,260,90,92,307,494,514,599,292,203,1918,75,598,358
4013103220,3049,1484,1565,180,277,137,88,485,402,500,509,133,338,1582,76,934,457
4013103302,6889,3403,3486,414,1021,500,751,1070,703,1114,710,470,136,3360,299,1795,1435
4013103303,3356,1506,1850,106,377,71,100,466,381,512,545,326,472,1519,119,1235,483
4013103304,5970,3045,2925,636,957,385,730,1155,1067,531,321,166,22,3160,244,973,1593
4013103305,3398,1765,1633,206,666,315,257,346,652,413,286,147,110,1352,274,900,872
4013103306,4480,2269,2211,704,796,274,365,979,700,233,221,122,86,1786,317,877,1500
4013103400,4902,2389,2513,311,748,208,272,861,671,748,538,414,131,2507,161,1175,1059
4013103501,3281,1673,1608,194,442,233,165,292,584,400,537,304,130,1574,123,948,636
4013103502,5445,2599,2846,274,563,218,323,712,943,607,727,643,435,3092,173,1343,837
4013103604,4406,2198,2208,276,857,84,183,497,592,475,592,393,457,1979,69,1225,1133
4013103605,5955,3012,2943,290,647,283,131,442,651,939,946,1129,497,2775,181,2062,937
4013103606,4342,1854,2488,234,489,104,183,549,624,483,640,546,490,2183,163,1273,723
4013103607,4828,2316,2512,174,533,263,179,715,479,808,873,644,160,2691,208,1222,707
4013103608,3809,1899,1910,321,758,88,338,577,601,302,449,293,82,1984,36,710,1079
4013103609,5068,2804,2264,351,468,236,756,976,582,773,488,305,133,2524,176,1549,819
4013103611,5465,2736,2729,227,497,149,363,595,581,1119,877,631,426,3064,98,1579,724
4013103612,5281,2477,2804,288,396,124,714,978,564,752,850,394,221,3273,220,1104,684
4013103614,3432,1809,1623,141,542,272,160,196,489,508,639,327,158,1543,213,993,683
4013103615,5201,2611,2590,487,869,180,428,953,687,677,484,303,133,1916,318,1611,1356
4013103701,4831,2633,2198,43,553,322,483,573,615,898,674,351,319,2485,264,1486,596
4013103702,3109,1511,1598,144,252,72,141,414,431,453,562,400,240,1674,57,982,396
4013103900,5779,2866,2913,333,814,235,481,1071,512,885,685,550,213,2890,204,1538,1147
4013104000,6694,3474,3220,581,978,321,507,1307,920,812,661,194,413,2975,314,1846,1559
4013104100,6674,3468,3206,548,851,393,459,1288,857,994,625,383,276,3169,309,1797,1399
4013104202,5250,2530,2720,207,737,251,304,800,737,658,681,526,349,2463,253,1590,944
4013104203,6505,3482,3023,401,842,363,536,696,850,1235,794,516,272,3354,393,1515,1243
4013104204,3645,1975,1670,141,578,292,168,406,528,602,472,227,231,1662,163,1101,719
4013104205,5027,2336,2691,245,779,102,435,997,461,451,716,467,374,2588,176,1239,1024
4013104206,4538,2200,2338,401,724,230,282,549,693,504,472,390,293,1788,140,1485,1125
4013104207,4033,1956,2077,100,532,169,126,746,572,496,659,317,316,2147,74,1180,632
4013104212,6646,3602,3044,432,993,285,572,1159,752,843,872,471,267,3130,378,1713,1425
4013104214,2405,1295,1110,199,230,140,158,304,208,383,296,272,215,1161,71,744,429
4013104215,4228,2115,2113,195,562,220,206,693,729,529,540,422,132,2008,166,1297,757
4013104216,5080,2598,2482,305,565,435,534,573,622,934,568,371,173,2651,98,1461,870
4013104217,5757,2625,3132,525,607,398,472,952,570,453,912,424,444,2339,175,2111,1132
4013104218,3475,1618,1857,154,467,154,379,396,457,665,431,189,183,1935,121,798,621
4013104219,3342,1494,1848,187,364,327,195,425,434,450,514,273,173,1627,113,1051,551
4013104221,6037,2933,3104,305,1043,279,427,926,715,961,672,416,293,2989,244,1456,1348
4013104222,5801,2534,3267,137,681,352,469,768,869,1013,743,591,178,2992,133,1858,818
4013104223,2018,999,1019,128,206,103,152,210,219,280,346,225,149,962,64,658,334
4013104224,6072,2788,3284,218,823,207,624,710,869,862,802,549,408,3091,137,1803,1041
4013104225,3735,1789,1946,301,470,192,171,603,244,548,698,326,182,1832,198,934,771
4013104226,4342,2199,2143,304,455,292,368,655,372,738,558,370,230,2230,169,1184,759
4013104227,2142,992,1150,108,252,82,123,366,213,296,373,189,140,967,130,685,360
4013104301,3885,1953,1932,222,584,134,384,793,390,509,387,226,256,1860,120,1099,806
4013104302,3571,1685,1886,269,414,153,389,564,392,465,482,311,132,1539,297,1052,683
4013104401,4646,2017,2629,242,752,69,325,684,657,637,420,286,574,2272,166,1214,994
4013104402,2629,1318,1311,361,164,77,349,779,370,127,146,173,83,1086,88,930,525
4013104501,3682,1981,1701,286,735,252,169,538,662,500,298,174,68,1400,199,1062,1021
4013104502,5512,2902,2610,606,1077,440,536,726,647,868,354,141,117,1909,577,1343,1683
4013104600,4343,2128,2215,497,559,178,194,1034,499,396,490,258,238,1807,304,1176,1056
4013104701,2629,1201,1428,310,293,77,253,521,234,338,275,221,107,1155,174,697,603
4013104702,4018,2183,1835,242,535,203,240,460,662,572,557,270,277,1843,213,1185,777
4013104801,3537,1574,1963,196,363,86,137,317,384,476,791,503,284,1724,7,1247,559
4013104802,5683,2785,2898,190,633,353,281,504,866,1092,984,383,397,3416,284,1160,823
4013104900,4381,1996,2385,342,420,68,234,593,764,549,611,319,481,2285,106,1228,762
4013105002,2920,1459,1461,213,440,71,13,76,290,540,448,486,343,1190,33,1044,653
4013105003,4702,2312,2390,307,680,138,142,247,364,890,864,559,511,1943,51,1721,987
4013105004,3595,1805,1790,176,266,164,328,99,282,610,691,595,384,1738,36,1379,442
4013105101,4265,2014,2251,194,549,189,123,222,506,727,822,603,330,2170,61,1291,743
4013105102,4439,2285,2154,107,323,147,182,256,445,975,668,836,500,2603,84,1322,430
4013105103,3048,1622,1426,99,348,147,39,155,177,362,783,581,357,1187,25,1389,447
4013105200,6560,3504,3056,426,844,170,485,733,820,1229,1040,487,326,3422,314,1554,1270
4013105300,5756,2643,3113,626,630,67,317,649,903,651,697,720,496,2689,184,1627,1256
4013105400,3830,1761,2069,149,636,166,249,243,636,500,592,350,309,2091,81,873,785
4013105501,2844,1402,1442,311,505,176,296,473,421,322,178,115,47,1170,148,710,816
4013105502,1955,978,977,305,209,61,313,428,241,173,132,82,11,915,109,417,514
4013105503,3298,1675,1623,249,533,52,492,612,439,311,395,109,106,1736,86,694,782
4013105601,4436,2243,2193,244,876,391,265,548,710,735,277,171,219,1894,151,1271,1120
4013105602,6070,2642,3428,978,1076,224,545,1267,452,626,584,230,88,2334,554,1128,2054
4013105701,3137,1641,1496,241,458,131,262,517,234,495,292,323,184,1376,102,960,699
4013105702,3971,2006,1965,305,628,277,259,548,744,420,355,258,177,1640,218,1180,933
4013105800,6600,3151,3449,418,1232,370,482,805,731,989,887,326,360,3069,227,1654,1650
4013105900,4938,2736,2202,340,638,168,365,593,750,528,668,487,401,1813,199,1948,978
4013106001,1755,923,832,165,433,67,143,308,257,116,133,65,68,672,76,409,598
4013106002,2454,1299,1155,158,392,91,227,323,322,396,324,141,80,1170,147,587,550
4013106003,3410,1745,1665,177,515,144,527,426,506,489,276,200,150,1769,148,801,692
4013106100,5345,2280,3065,176,656,37,375,834,847,522,379,456,1063,2451,195,1867,832
4013106200,3454,1654,1800,136,815,225,47,131,431,565,451,407,246,1469,36,998,951
4013106300,4660,2131,2529,166,451,63,315,511,582,905,656,264,747,2224,49,1770,617
4013106400,2814,1391,1423,112,333,65,177,402,447,435,317,251,275,1710,95,564,445
4013106501,3452,1580,1872,251,439,153,209,605,520,429,456,236,154,1797,121,844,690
4013106502,3613,1715,1898,236,433,99,137,636,513,471,544,293,251,1961,125,858,669
4013106600,3899,2032,1867,284,434,181,151,335,537,462,733,449,333,1830,130,1221,718
4013106701,4050,2062,1988,546,325,125,599,812,521,449,414,123,136,1516,297,1366,871
4013106702,1469,688,781,67,278,51,115,168,197,155,238,121,79,637,71,416,345
4013106703,2241,1057,1184,152,215,54,126,354,269,325,292,266,188,1166,38,670,367
4013106801,4370,2054,2316,685,685,209,508,853,502,398,290,170,70,1716,244,1040,1370
4013106802,3706,1756,1950,185,644,225,203,529,373,523,354,213,457,1459,200,1218,829
4013106900,7853,3262,4591,663,1598,562,492,1149,1005,644,1045,348,347,3375,252,1965,2261
4013107000,7096,3283,3813,939,712,725,518,952,1054,667,690,436,403,3102,151,2192,1651
4013107101,4589,2341,2248,234,882,302,469,563,718,562,446,209,204,1500,195,1778,1116
4013107102,5478,2716,2762,375,1223,392,522,684,998,781,258,174,71,2144,122,1614,1598
4013107201,2973,1365,1608,306,607,347,551,433,310,235,93,75,16,1252,108,700,913
4013107202,5851,3244,2607,356,1394,540,580,647,909,727,350,282,66,2277,181,1643,1750
4013107300,6703,3478,3225,592,1257,404,488,859,776,992,617,486,232,2309,237,2308,1849
4013107400,6749,3431,3318,527,1011,332,399,1415,706,928,691,498,242,3077,225,1909,1538
4013107500,3683,1825,1858,89,371,139,187,396,579,600,477,496,349,2053,255,915,460
4013107601,3622,2048,1574,261,247,170,168,629,553,700,350,265,279,1930,279,905,508
4013107602,3057,1574,1483,229,465,129,137,569,555,398,210,222,143,1602,134,627,694
4013107700,3975,2049,1926,312,500,58,277,877,557,575,256,291,272,2356,134,673,812
4013107800,2445,1029,1416,35,116,58,46,342,183,298,448,640,279,1294,34,966,151
4013107900,3673,1862,1811,279,279,98,139,503,406,594,484,418,473,2009,65,1041,558
4013108000,3163,1647,1516,178,586,243,119,186,464,511,426,277,173,1454,82,863,764
4013108100,1968,909,1059,118,389,90,70,203,296,252,299,147,104,998,48,415,507
4013108200,3532,1755,1777,176,391,166,294,652,497,536,389,246,185,2166,82,717,567
4013108301,3725,1814,1911,147,453,76,175,605,592,595,411,530,141,2125,71,929,600
4013108302,2911,1342,1569,169,210,64,195,742,387,440,281,244,179,1755,84,693,379
4013108400,5339,2997,2342,374,551,74,432,1003,816,562,653,481,393,2827,184,1403,925
4013108501,2310,1240,1070,57,330,73,162,548,444,351,225,53,67,1332,104,487,387
4013108502,3750,2022,1728,214,179,177,94,827,710,570,490,283,206,2346,102,909,393
4013108601,2769,1429,1340,352,280,55,362,539,409,300,225,193,54,1329,105,703,632
4013108602,5303,2489,2814,318,546,325,260,1265,977,721,415,253,223,2782,290,1367,864
4013108802,1960,1152,808,125,111,62,99,458,361,299,252,122,71,1217,75,432,236
4013108901,2667,1422,1245,143,414,108,125,392,495,344,432,157,57,1343,142,625,557
4013108902,5260,2721,2539,176,916,429,546,810,686,718,627,282,70,2092,321,1755,1092
4013109001,4854,2608,2246,580,1155,271,385,910,640,572,199,81,61,1845,201,1073,1735
4013109002,4206,2200,2006,323,919,239,294,923,555,470,299,92,92,1848,170,946,1242
4013109003,5801,3060,2741,778,1395,260,539,1018,823,457,358,153,20,2242,314,1072,2173
4013109101,3723,2019,1704,270,774,247,351,482,712,351,259,182,95,1520,162,997,1044
4013109102,5702,2850,2852,492,1029,520,573,838,850,775,258,254,113,2594,159,1428,1521
4013109200,3333,1818,1515,289,486,246,318,542,469,406,398,88,91,1119,129,1310,775
4013109300,5421,2664,2757,385,1385,478,561,724,728,548,398,141,73,1807,249,1595,1770
4013109400,8570,4433,4137,756,1778,474,710,1416,821,1086,939,241,349,2771,322,2943,2534
4013109500,5614,2797,2817,302,1085,374,650,582,749,874,489,248,261,2436,284,1507,1387
4013109601,5866,2674,3192,689,1223,471,409,779,1064,527,361,215,128,2195,227,1532,1912
4013109602,7032,3315,3717,1051,1435,481,661,1222,764,723,360,200,135,2541,183,1822,2486
4013109603,5642,2989,2653,554,1322,353,588,866,821,497,372,119,150,2077,344,1345,1876
4013109604,3993,2000,1993,425,858,267,391,650,403,454,225,177,143,1435,137,1138,1283
4013109701,9106,4284,4822,1013,2336,717,886,1131,1259,1001,501,204,58,3257,446,2054,3349
4013109702,6070,2899,3171,520,1396,746,467,845,693,617,416,131,239,1916,280,1958,1916
4013109703,3111,1572,1539,201,614,330,326,314,609,369,235,84,29,1236,177,883,815
4013109704,2953,1588,1365,229,671,180,293,473,401,349,184,129,44,1152,77,824,900
4013109705,2397,1234,1163,263,388,163,266,425,302,222,218,103,47,920,116,710,651
4013109801,4917,2410,2507,531,1199,340,630,637,570,499,294,114,103,1696,176,1315,1730
4013109802,5355,2759,2596,357,1087,580,484,570,670,757,439,164,247,1967,166,1778,1444
4013109900,7808,3937,3871,934,1813,668,741,1019,960,868,307,377,121,2238,245,2578,2747
4013110001,4182,1903,2279,276,757,451,396,431,626,515,395,180,155,1390,126,1633,1033
4013110002,3851,1805,2046,393,618,362,348,518,624,525,277,135,51,1185,114,1541,1011
4013110100,6180,3085,3095,475,1499,428,512,874,787,762,426,261,156,1921,84,2201,1974
4013110400,5062,2657,2405,244,532,268,302,685,700,960,796,329,246,2650,148,1488,776
4013110501,3139,1935,1204,100,124,54,339,862,619,606,176,185,74,2176,157,582,224
4013110502,2520,1415,1105,105,148,38,186,738,418,311,252,229,95,1620,61,586,253
4013110600,4865,2408,2457,152,594,334,202,1082,786,584,609,290,232,2651,192,1276,746
4013110701,2677,1358,1319,167,368,87,282,626,339,348,257,173,30,1284,192,666,535
4013110702,4155,2250,1905,202,807,142,193,793,694,656,357,162,149,1910,170,1066,1009
4013110801,5663,2545,3118,300,967,257,418,914,881,669,897,230,130,2529,566,1301,1267
4013110802,2321,1121,1200,147,168,86,86,469,311,339,395,131,189,1215,81,710,315
4013110901,3650,1916,1734,132,483,168,294,538,526,518,443,264,284,1652,134,1249,615
4013110902,5406,2748,2658,586,783,138,390,1224,624,734,559,247,121,2515,385,1137,1369
4013111000,4522,1971,2551,258,411,291,346,619,680,849,423,277,368,2564,45,1244,669
4013111100,4176,2225,1951,354,437,172,193,676,662,524,628,266,264,2236,129,1020,791
4013111201,6155,3182,2973,444,974,262,504,1296,743,785,730,216,201,2933,201,1603,1418
4013111202,1925,1043,882,179,361,42,254,454,254,233,99,38,11,1073,83,229,540
4013111203,1650,867,783,184,191,54,252,420,212,240,61,27,9,886,87,302,375
4013111204,2199,1260,939,109,115,85,343,692,362,251,205,29,8,1712,117,146,224
4013111300,6027,3586,2441,343,569,359,732,1443,676,707,583,350,265,3710,338,1067,912
4013111401,4455,2290,2165,358,497,328,265,977,513,884,279,243,111,2225,344,1031,855
4013111402,4502,2296,2206,544,595,238,270,836,600,634,370,287,128,1937,124,1302,1139
4013111501,1973,876,1097,276,401,122,153,223,316,244,120,86,32,826,96,374,677
4013111502,5839,3239,2600,384,898,368,527,782,923,795,614,315,233,2594,268,1695,1282
4013111601,3281,1730,1551,238,357,197,331,461,620,443,438,79,117,1481,216,989,595
4013111602,4976,2727,2249,353,1028,322,317,937,870,463,324,241,121,2435,154,1006,1381
4013111700,6347,3420,2927,412,907,195,394,1320,820,1023,753,392,131,3105,92,1831,1319
4013111800,3852,1967,1885,238,196,68,123,646,648,730,699,336,168,2516,85,817,434
4013111900,2293,1201,1092,132,286,30,103,415,286,298,387,274,82,1431,0,444,418
4013112100,3703,1827,1876,399,795,327,240,523,401,513,271,148,86,1031,105,1373,1194
4013112201,4213,2166,2047,354,778,386,425,467,629,608,274,140,152,1428,89,1564,1132
4013112202,4086,2121,1965,190,653,209,296,373,513,482,640,452,278,1324,175,1744,843
4013112301,5340,2492,2848,386,1175,307,495,877,712,609,354,267,158,2192,138,1449,1561
4013112302,7616,3712,3904,837,1562,464,632,1146,1125,925,406,355,164,2572,344,2301,2399
4013112401,6608,3071,3537,510,1429,640,712,749,963,737,475,259,134,2871,133,1665,1939
4013112402,5834,2734,3100,484,1425,523,517,854,730,580,414,195,112,2191,265,1469,1909
4013112502,6085,3120,2965,478,1364,601,526,737,838,636,511,296,98,2382,302,1559,1842
4013112503,9162,4511,4651,856,2081,629,772,1155,1286,1054,808,356,165,3348,453,2424,2937
4013112504,4456,2078,2378,538,952,358,403,783,551,518,199,111,43,1786,219,961,1490
4013112505,8862,4125,4737,1246,1625,687,948,1862,977,758,499,188,72,3703,380,1908,2871
4013112507,2790,1544,1246,361,813,171,181,526,362,188,125,33,30,721,241,654,1174
4013112508,2114,1061,1053,117,455,182,152,307,232,348,169,77,75,823,74,645,572
4013112509,10508,4538,5970,1603,2167,702,1432,2149,1290,645,387,7,126,4459,488,1791,3770
4013112510,5123,2382,2741,382,1291,302,375,1024,665,561,349,84,90,2233,131,1086,1673
4013112511,9075,4190,4885,710,2077,748,765,1287,1480,900,623,299,186,3785,313,2190,2787
4013112512,1815,1022,793,274,323,102,204,491,135,174,73,17,22,776,127,315,597
4013112513,9247,4408,4839,646,2246,695,856,934,1930,820,714,344,62,4127,372,1856,2892
4013112514,4697,2306,2391,506,716,310,511,999,673,421,394,158,9,2284,277,914,1222
4013112601,2896,1496,1400,368,613,265,198,363,400,294,180,163,52,896,62,957,981
4013112602,7020,3524,3496,778,1891,522,373,928,1170,641,403,143,171,1797,81,2473,2669
4013112700,6381,3355,3026,546,1298,447,698,1208,776,598,452,260,98,1872,198,2467,1844
4013112900,4824,2369,2455,171,898,211,220,846,865,779,506,167,161,2015,236,1504,1069
4013113000,2043,948,1095,21,72,34,214,582,364,353,184,153,66,1262,159,529,93
4013113100,3051,1501,1550,20,98,469,559,534,331,343,358,199,140,1627,81,1225,118
4013113201,3018,1510,1508,363,661,230,191,555,400,264,129,152,73,912,286,796,1024
4013113202,2129,1249,880,169,354,112,232,409,324,277,113,77,62,828,126,652,523
4013113203,2778,1656,1122,207,405,103,228,557,487,292,308,152,39,1151,205,810,612
4013113300,5250,2603,2647,368,1422,285,389,612,645,544,476,297,212,1437,267,1756,1790
4013113400,286,258,28,12,2,4,34,86,75,55,18,0,0,0,0,272,14
4013113501,4982,2539,2443,456,922,415,325,745,880,629,280,211,119,2006,254,1344,1378
4013113502,3033,1448,1585,425,785,165,264,574,308,234,110,110,58,1155,130,538,1210
4013113601,4492,2066,2426,405,740,256,742,1236,336,421,276,80,0,2580,84,683,1145
4013113602,3955,1921,2034,354,728,385,655,456,591,402,236,64,84,1466,325,1082,1082
4013113700,8551,4505,4046,773,1289,528,1019,1966,1084,924,602,236,130,4341,331,1817,2062
4013113801,1936,1009,927,97,189,101,217,689,318,157,99,27,42,1171,95,384,286
4013113802,0,0,0,0,0,0,0,0,0,0,0,0,0,0,0,0,0
4013113900,976,412,564,144,271,49,90,167,175,31,18,16,15,318,97,146,415
4013114000,1953,988,965,24,283,55,261,427,215,191,266,156,75,865,133,648,307
4013114100,1893,1570,323,26,29,46,249,712,318,295,186,26,6,570,55,1213,55
4013114200,1471,878,593,78,236,68,128,184,230,263,149,90,45,506,77,574,314
4013114301,665,451,214,9,12,20,54,157,140,137,96,40,0,175,165,304,21
4013114302,3162,1476,1686,406,676,166,450,293,294,332,251,193,101,749,261,1070,1082
4013114401,1800,932,868,143,349,98,142,215,263,248,217,87,38,545,36,727,492
4013114402,1918,1005,913,136,329,144,159,313,261,223,186,126,41,480,71,902,465
4013114500,3609,1939,1670,334,918,122,268,546,409,449,301,198,64,1020,139,1198,1252
4013114600,1639,735,904,135,273,116,219,221,186,218,146,93,32,519,23,689,408
4013114703,4739,4218,521,14,160,254,868,1507,895,608,350,61,22,302,106,4157,174
4013114800,3870,2022,1848,393,807,255,261,578,582,450,289,140,115,1162,188,1320,1200
4013114900,2364,1325,1039,195,262,60,218,368,236,287,207,175,356,684,59,1164,457
4013115200,2683,1400,1283,293,533,136,259,641,276,246,186,81,32,1051,103,703,826
4013115300,3122,1597,1525,234,768,262,202,422,308,246,424,186,70,1004,84,1032,1002
4013115400,2445,1184,1261,225,510,155,275,280,294,327,188,142,49,839,117,754,735
4013115500,3699,1830,1869,330,720,277,306,449,485,420,305,278,129,1245,136,1268,1050
4013115600,4719,2212,2507,730,953,369,396,656,539,474,268,194,140,1665,203,1168,1683
4013115700,7249,3628,3621,729,1751,656,491,1068,852,723,557,284,138,2657,281,1831,2480
4013115801,4539,2213,2326,738,724,301,505,560,577,577,281,184,92,1655,245,1177,1462
4013115802,3746,1771,1975,328,694,268,310,505,497,430,384,223,107,1264,93,1367,1022
4013115900,5731,2990,2741,672,938,301,581,1264,451,588,532,274,130,1912,349,1860,1610
4013116000,5737,3061,2676,362,972,307,337,855,816,738,651,385,314,2009,266,2128,1334
4013116100,3612,1585,2027,336,810,220,468,575,397,461,207,65,73,1369,198,899,1146
4013116202,5723,3154,2569,496,1274,410,411,831,777,677,589,204,54,2187,471,1295,1770
4013116203,4851,2229,2622,428,854,279,455,1072,630,429,341,281,82,2409,234,926,1282
4013116204,3689,1689,2000,187,579,300,198,655,528,593,325,251,73,1621,192,1110,766
4013116205,4779,2414,2365,356,996,189,475,1030,707,468,368,140,50,2132,310,985,1352
4013116300,7075,3443,3632,585,1386,352,495,897,1021,1084,623,448,184,2745,503,1856,1971
4013116400,5688,2883,2805,381,1209,468,468,805,772,677,432,216,260,2062,457,1579,1590
4013116500,5777,3061,2716,550,1165,469,325,1161,660,453,501,418,75,1804,313,1945,1715
4013116602,8482,3991,4491,712,2074,622,871,1530,1050,694,571,280,78,3211,323,2162,2786
4013116603,6642,3270,3372,550,1696,331,336,865,1424,504,643,141,152,2808,250,1338,2246
4013116604,4964,2428,2536,578,732,475,490,519,930,673,318,189,60,2088,198,1368,1310
4013116605,6437,3056,3381,714,1427,432,236,1367,910,712,308,194,137,2789,292,1215,2141
4013116606,6696,3411,3285,591,1732,297,393,1342,800,805,392,169,175,2742,185,1446,2323
4013116607,2992,1350,1642,346,599,158,176,723,396,272,206,110,6,1439,107,501,945
4013116608,3797,1853,1944,479,762,158,206,729,671,427,235,80,50,1756,124,676,1241
4013116609,4425,2101,2324,374,951,260,207,536,796,550,400,289,62,2207,156,737,1325
4013116610,5448,2699,2749,654,1183,209,162,1077,729,638,512,225,59,2548,156,907,1837
4013116611,3709,1912,1797,180,765,197,271,423,564,508,423,199,179,1640,179,945,945
4013116612,5588,2610,2978,514,1169,369,262,651,1016,797,418,287,105,2680,193,1032,1683
4013116613,7079,3488,3591,877,925,255,464,986,1456,763,999,305,49,3667,150,1460,1802
4013116702,9389,5195,4194,875,1627,580,711,1542,1289,855,945,558,407,3785,210,2892,2502
4013116703,4736,2370,2366,241,743,184,394,689,640,672,528,408,237,2185,280,1287,984
4013116704,7392,3689,3703,490,826,234,496,1326,1113,888,1119,651,249,4173,266,1637,1316
4013116707,2837,1392,1445,92,335,77,159,437,423,414,550,261,89,1585,71,754,427
4013116708,5367,2456,2911,145,456,92,138,874,285,553,1065,698,1061,2371,239,2156,601
4013116709,1837,933,904,86,223,39,164,454,245,295,240,60,31,1233,37,258,309
4013116710,4747,2447,2300,174,788,271,140,333,687,841,860,447,206,2369,92,1324,962
4013116711,2123,926,1197,138,349,96,146,363,368,202,210,144,107,1175,50,411,487
4013116712,7205,3493,3712,818,1123,197,401,1429,1045,1171,634,182,205,3718,355,1191,1941
4013116713,6731,2998,3733,277,1063,439,482,694,924,1021,1133,495,203,3576,202,1613,1340
4013116714,3754,1869,1885,164,717,318,186,302,594,661,534,170,108,1903,128,842,881
4013116715,2139,1126,1013,93,257,133,80,211,371,422,350,125,97,1254,40,495,350
4013116717,4129,2052,2077,269,542,201,344,1246,665,409,297,156,0,2643,202,473,811
4013116718,2691,1314,1377,89,218,119,304,609,344,405,189,89,325,1626,53,705,307
4013116719,6694,3372,3322,421,1041,299,302,927,1254,960,870,309,311,3905,151,1176,1462
4013116720,4019,1869,2150,356,573,193,248,849,563,603,393,137,104,2396,61,633,929
4013116721,3478,1769,1709,258,439,236,236,447,532,612,443,168,107,1959,45,777,697
4013116725,4957,2112,2845,108,723,256,172,605,573,1148,756,477,139,2885,53,1188,831
4013116727,3824,1857,1967,102,677,224,165,232,612,867,603,259,83,2177,65,803,779
4013116728,4846,2375,2471,218,883,266,187,193,692,1062,1009,201,135,2618,79,1048,1101
4013116729,4296,2203,2093,151,801,150,197,265,509,954,889,271,109,2254,147,943,952
4013116730,1909,903,1006,138,339,81,123,166,325,367,231,94,45,1005,57,370,477
4013116731,3336,1517,1819,202,624,225,170,314,481,514,503,154,149,1790,44,676,826
4013116732,4182,2044,2138,459,770,164,293,315,895,400,520,179,187,1736,59,1158,1229
4013116733,355,183,172,5,42,19,11,12,65,129,43,20,9,212,19,77,47
4013116800,2666,1405,1261,179,383,125,230,311,450,284,337,189,178,1054,70,980,562
4013116900,2351,1178,1173,278,562,209,97,481,253,261,86,117,7,846,168,497,840
4013117000,5577,2595,2982,539,853,226,427,1098,760,442,663,356,213,2297,391,1497,1392
4013117100,2483,1373,1110,94,107,116,158,609,533,357,185,141,183,1543,120,619,201
4013117200,1166,589,577,80,295,101,84,161,156,119,114,43,13,336,110,345,375
4013117300,1191,547,644,179,301,68,89,101,120,204,60,58,11,215,51,445,480
4013216806,3244,1515,1729,83,287,71,111,517,505,379,404,502,385,1593,78,1203,370
4013216807,5275,2450,2825,221,729,159,113,299,712,728,945,773,596,2637,59,1629,950
4013216809,5191,2568,2623,168,777,388,193,364,463,882,882,567,507,2376,113,1757,945
4013216810,1353,582,771,30,37,25,70,218,160,164,195,247,207,792,45,449,67
4013216813,4160,2039,2121,48,338,19,365,452,357,381,744,988,468,2302,90,1382,386
4013216816,5954,2953,3001,233,924,318,207,200,782,832,960,889,609,2422,181,2194,1157
4013216818,7128,3317,3811,157,671,203,40,363,971,1152,1270,1274,1027,3224,129,2947,828
4013216819,6349,3044,3305,146,478,241,138,308,431,963,1397,1271,976,2783,123,2819,624
4013216820,4455,2051,2404,111,369,152,190,266,465,541,996,835,530,2173,209,1593,480
4013216821,5946,3024,2922,177,480,283,64,134,616,1014,1134,1524,520,2580,113,2596,657
4013216822,4227,2054,2173,18,342,161,24,138,396,508,970,1162,508,1885,78,1904,360
4013216826,4617,1946,2671,206,240,184,233,444,458,520,668,623,1041,2025,200,1946,446
4013216829,4921,2645,2276,76,229,325,99,156,308,850,986,1478,414,1963,134,2519,305
4013216830,2939,1228,1711,129,233,179,369,515,319,281,347,151,416,1738,68,771,362
4013216831,2962,1522,1440,95,407,184,133,101,286,553,507,494,202,1437,51,972,502
4013216832,1910,847,1063,37,104,19,19,177,179,134,274,319,648,741,13,1015,141
4013216833,4837,2358,2479,158,648,152,231,307,615,606,1019,648,453,2227,84,1720,806
4013216834,2081,972,1109,0,264,0,1,83,179,238,455,536,325,751,27,1039,264
4013216835,2488,1045,1443,52,165,35,109,387,201,444,419,370,306,1496,34,741,217
4013216836,3811,1890,1921,157,581,121,215,207,513,778,530,455,254,1855,119,1099,738
4013216837,5024,2042,2982,228,348,169,167,1198,748,593,809,518,246,3153,209,1086,576
4013216838,4776,2310,2466,220,575,223,243,374,741,926,781,432,261,2720,123,1138,795
4013216839,4036,1998,2038,260,498,218,159,221,534,743,714,313,376,1984,37,1257,758
4013216840,4856,2358,2498,184,653,226,125,199,567,774,938,786,404,2381,140,1498,837
4013216841,3597,1721,1876,200,595,107,50,171,432,703,453,417,469,1629,30,1143,795
4013216842,3774,1923,1851,241,800,206,105,164,619,666,446,392,135,1643,85,1005,1041
4013216843,3200,1593,1607,10,206,79,92,50,138,399,788,934,504,1277,73,1634,216
4013216844,3809,1762,2047,32,325,72,102,336,511,647,681,500,603,1718,196,1538,357
4013216845,2248,1025,1223,127,203,90,226,301,210,255,328,268,240,1160,52,706,330
4013216846,7211,3525,3686,316,1284,306,306,740,1247,1394,697,536,385,3747,251,1613,1600
4013216847,6954,3655,3299,449,1341,326,103,432,1197,1435,587,756,328,3247,158,1759,1790
4013216848,6189,3082,3107,197,739,463,316,300,463,1266,1406,818,221,3163,95,1995,936
4013216849,6377,3259,3118,192,966,449,290,169,678,1470,1016,828,319,2809,121,2289,1158
4013216850,4045,1931,2114,97,597,11,60,818,849,471,572,441,129,2495,74,782,694
4013216851,3776,1719,2057,102,480,163,148,107,197,732,816,671,360,1575,55,1564,582
4013216852,3248,1641,1607,71,221,68,220,453,645,549,424,324,273,2069,91,796,292
4013216853,4898,2297,2601,87,568,131,312,905,617,993,391,520,374,2993,110,1140,655
4013216901,2927,1327,1600,76,153,108,100,303,294,419,545,494,435,1392,61,1245,229
4013216902,3857,1811,2046,175,460,189,233,395,507,636,568,386,308,1988,127,1107,635
4013217001,4792,2117,2675,136,158,51,188,600,496,471,881,835,976,2415,107,1976,294
4013217002,5787,2852,2935,183,616,304,205,991,788,1064,715,445,476,3456,257,1275,799
4013217101,2552,1237,1315,43,308,19,195,491,431,252,238,265,310,1464,57,680,351
4013217102,2965,1481,1484,201,258,100,125,751,343,405,389,220,173,1703,51,752,459
4013217201,1491,724,767,64,49,38,301,479,134,118,95,151,62,940,106,332,113
4013217203,3652,1606,2046,89,95,20,237,676,330,325,517,596,767,1826,125,1517,184
4013217204,3531,1710,1821,168,417,103,445,972,486,293,239,199,209,2007,164,775,585
4013217300,3393,1804,1589,179,342,40,152,423,465,362,455,475,500,1664,35,1173,521
4013217400,3331,1649,1682,101,366,55,74,376,286,412,579,453,629,1579,54,1231,467
4013217501,4063,2002,2061,465,556,89,502,931,473,453,317,201,76,2088,80,874,1021
4013217502,2948,1429,1519,89,80,61,309,1107,389,418,187,193,115,2002,162,615,169
4013217600,5072,2631,2441,318,301,170,440,1219,1028,674,307,278,337,3033,274,1146,619
4013217700,5406,2708,2698,205,760,100,419,1182,676,721,501,337,505,3088,104,1249,965
4013217800,6871,3484,3387,469,868,184,394,1410,889,867,741,464,585,3484,139,1911,1337
4013217900,4237,2152,2085,113,208,146,577,872,486,446,565,456,368,2705,75,1136,321
4013218000,5765,3121,2644,204,655,228,435,1142,784,706,747,310,554,3264,51,1591,859
4013218100,2205,1003,1202,203,190,77,155,536,246,231,270,132,165,1232,79,501,393
4013218200,7909,3732,4177,609,1192,238,825,1383,1401,989,446,313,513,3918,401,1789,1801
4013218300,4337,2433,1904,179,183,91,181,832,732,570,656,482,431,2593,105,1277,362
4013318400,4778,2454,2324,244,570,246,872,1417,460,463,293,183,30,2812,129,1023,814
4013318501,3753,1747,2006,222,410,98,315,849,606,468,354,198,233,2113,121,887,632
4013318700,3340,2031,1309,11,17,1908,849,213,107,60,116,51,8,1323,154,1835,28
4013318800,6322,3518,2804,209,264,626,1674,1945,630,390,280,189,115,4425,146,1278,473
4013318900,6601,3890,2711,223,340,443,1693,1308,752,758,543,313,228,4357,289,1392,563
4013319000,8730,4018,4712,72,108,4483,2710,676,216,187,138,73,67,4031,521,3998,180
4013319101,3345,2124,1221,99,228,560,1548,488,223,102,97,0,0,1242,174,1602,327
4013319103,5243,3261,1982,68,103,517,2921,1053,280,106,88,76,31,2668,411,1993,171
4013319104,5824,3219,2605,187,256,221,2239,1686,474,447,167,102,45,2888,244,2249,443
4013319201,5546,2768,2778,375,658,448,1372,1401,436,365,208,203,80,3054,210,1249,1033
4013319202,3358,1814,1544,144,278,238,757,910,322,361,177,92,79,1734,130,1072,422
4013319300,2995,1329,1666,104,302,309,527,443,349,238,283,212,228,1444,169,976,406
4013319401,6437,3721,2716,185,659,283,922,1663,689,694,488,450,404,4247,214,1132,844
4013319402,4019,2133,1886,141,425,129,350,773,423,569,516,424,269,2261,168,1024,566
4013319403,4511,2335,2176,266,588,260,370,955,388,561,496,372,255,2414,158,1085,854
4013319404,3609,1709,1900,187,140,89,412,830,158,341,378,442,632,1811,107,1364,327
4013319500,6175,3630,2545,297,487,379,1172,1476,478,644,638,300,304,3705,136,1550,784
4013319600,6058,3287,2771,261,710,174,660,1452,631,803,493,530,344,3388,134,1565,971
4013319703,4516,2464,2052,274,294,234,531,906,551,407,422,443,454,2206,244,1498,568
4013319704,1556,899,657,98,156,53,274,320,232,159,145,101,18,851,70,381,254
4013319705,3445,1865,1580,187,555,209,373,476,612,442,368,124,99,1861,92,750,742
4013319706,5623,2748,2875,637,682,144,859,1486,508,743,338,131,95,3184,153,967,1319
4013319800,6423,3181,3242,414,733,351,1220,1309,732,418,770,307,169,3791,225,1260,1147
4013319902,2851,1464,1387,72,309,125,523,558,204,389,238,152,281,1587,65,818,381
4013319903,6579,3091,3488,197,967,383,784,1274,732,713,756,432,341,3930,157,1328,1164
4013319904,4956,2484,2472,277,437,173,320,816,555,743,748,629,258,2697,142,1403,714
4013319905,5388,2828,2560,145,657,449,455,777,850,703,717,352,283,3126,234,1226,802
4013319906,3294,1606,1688,178,389,173,298,477,337,376,555,337,174,1678,60,989,567
4013319907,2382,1142,1240,80,418,116,110,156,176,462,515,248,101,1286,33,565,498
4013319908,2322,1258,1064,196,295,89,191,392,347,236,316,181,79,1324,52,455,491
4013319909,2448,1156,1292,82,312,65,121,285,274,363,493,335,118,1305,77,672,394
4013319910,4894,2375,2519,160,758,276,331,394,693,1031,701,430,120,2761,130,1085,918
4013320001,7299,3717,3582,430,700,194,1238,1917,966,758,624,309,163,4531,261,1377,1130
4013320002,6172,2985,3187,491,1134,390,392,1032,677,716,671,372,297,2192,400,1955,1625
4013320007,7488,3681,3807,412,891,318,1045,2137,1047,662,705,252,19,4620,316,1249,1303
4013320100,2636,1478,1158,50,58,137,588,971,313,241,167,21,90,2030,66,432,108
4013420104,5548,2866,2682,222,654,261,274,690,670,819,546,779,633,2399,119,2154,876
4013420105,5580,2791,2789,445,710,223,369,460,769,815,1112,365,312,2801,208,1416,1155
4013420107,6442,3425,3017,211,887,304,340,490,762,1086,1074,724,564,3136,94,2114,1098
4013420108,1509,772,737,72,244,58,77,47,207,317,265,180,42,792,24,377,316
4013420109,4584,2242,2342,212,761,259,325,325,565,837,613,515,172,2258,86,1267,973
4013420110,5243,2688,2555,287,771,327,383,448,573,841,812,503,298,2298,196,1691,1058
4013420111,3892,1967,1925,300,446,296,123,590,464,844,455,275,99,1723,243,1180,746
4013420112,3189,1527,1662,255,486,97,204,408,532,529,323,241,114,1762,59,627,741
4013420113,3258,1484,1774,298,313,145,350,317,334,500,300,352,349,1212,213,1222,611
4013420114,3844,2078,1766,205,663,355,248,387,732,492,364,234,164,1562,185,1229,868
4013420115,2632,1342,1290,135,419,72,133,390,280,246,351,318,288,848,118,1112,554
4013420116,2706,1301,1405,28,289,127,55,148,170,423,349,590,527,804,100,1485,317
4013420202,5331,2319,3012,125,486,184,376,352,407,989,787,624,1001,2076,166,2478,611
4013420206,3401,1394,2007,103,224,40,30,198,183,217,478,593,1335,846,71,2157,327
4013420207,2730,1381,1349,56,261,135,56,77,276,497,607,439,326,1383,57,973,317
4013420208,5421,2776,2645,435,896,375,413,731,502,991,574,285,219,2600,177,1313,1331
4013420209,4344,1983,2361,178,512,178,43,358,294,520,678,714,869,1728,107,1819,690
4013420210,5447,2811,2636,395,661,242,261,729,450,904,740,544,521,2431,117,1843,1056
4013420211,4148,2048,2100,201,600,217,208,330,486,672,816,386,232,2088,108,1151,801
4013420212,2919,1350,1569,149,115,102,196,298,243,408,639,349,420,1393,40,1222,264
4013420213,2220,1053,1167,0,9,0,12,0,0,41,297,1089,772,229,0,1982,9
4013420214,3748,1785,1963,226,177,0,235,437,240,387,586,847,613,1376,143,1826,403
4013420215,1763,909,854,93,267,72,107,264,187,296,229,75,173,815,49,539,360
4013420216,4344,1859,2485,258,521,140,124,569,482,369,746,538,597,1637,156,1772,779
4013420301,2177,1050,1127,92,360,103,204,281,165,340,357,177,98,1098,104,523,452
4013420302,4985,2531,2454,327,739,400,388,616,405,615,802,371,322,2143,205,1571,1066
4013420303,4262,2049,2213,211,873,256,338,560,498,676,469,264,117,2055,93,1030,1084
4013420304,1330,672,658,28,263,89,79,125,102,241,169,125,109,524,47,468,291
4013420401,4328,2408,1920,482,655,151,455,773,616,477,356,246,117,1842,328,1021,1137
4013420402,2082,1057,1025,169,301,147,196,258,213,302,202,169,125,766,51,795,470
4013420501,6736,3137,3599,500,1428,300,561,1357,873,858,433,210,216,3271,168,1369,1928
4013420503,3606,1793,1813,383,596,120,249,583,597,455,382,158,83,1728,145,754,979
4013420504,3476,1670,1806,339,453,139,193,445,547,553,507,218,82,1840,106,738,792
4013420602,5133,2490,2643,309,724,428,433,778,462,720,591,523,165,2567,145,1388,1033
4013420603,4265,2081,2184,240,510,244,291,758,657,471,541,284,269,2303,119,1093,750
4013420604,4265,2103,2162,184,668,211,329,451,365,557,610,578,312,1978,88,1347,852
4013420704,5148,2576,2572,363,843,266,365,468,650,784,787,234,388,2607,173,1162,1206
4013420705,3609,1942,1667,36,773,321,248,279,328,784,397,317,126,1584,115,1101,809
4013420706,4487,2370,2117,257,857,273,346,706,476,628,590,256,98,2320,187,866,1114
4013420707,2496,1108,1388,72,60,75,239,263,61,91,417,718,500,880,101,1383,132
4013420708,3652,1612,2040,294,141,13,159,262,166,270,404,1258,685,968,12,2237,435
4013420709,3339,1484,1855,89,71,20,27,103,187,201,690,973,978,969,126,2084,160
4013420710,3757,1817,1940,282,427,69,254,681,337,333,515,333,526,1588,172,1288,709
4013420800,4793,2236,2557,607,797,161,268,798,591,545,499,328,199,2208,117,1064,1404
4013420901,3944,1899,2045,541,867,238,212,545,612,340,312,157,120,1506,183,847,1408
4013420902,3542,1839,1703,250,492,250,221,758,314,378,452,210,217,1741,111,948,742
4013421001,3997,1870,2127,204,553,91,210,739,395,422,397,331,655,1514,232,1494,757
4013421002,2771,1350,1421,216,294,178,245,519,259,224,216,331,289,1270,105,886,510
4013421101,4416,2301,2115,325,634,157,354,866,550,607,494,151,278,2385,168,904,959
4013421102,6688,3151,3537,826,1073,368,539,1019,1019,679,593,405,167,3060,206,1523,1899
4013421201,5207,3122,2085,343,354,203,1188,1334,903,337,320,112,113,3203,207,1100,697
4013421202,3883,1940,1943,300,582,140,284,708,633,412,416,273,135,1845,143,1013,882
4013421302,5736,2960,2776,223,994,289,455,1378,1085,562,445,179,126,2874,367,1278,1217
4013421303,5142,2762,2380,427,783,386,427,889,592,657,548,215,218,2444,161,1327,1210
4013421304,2884,1263,1621,216,184,108,800,737,398,208,105,39,89,1562,88,834,400
4013421400,2368,1198,1170,164,181,114,299,363,306,402,260,123,156,1055,122,846,345
4013421501,3507,1701,1806,360,594,174,181,643,520,437,305,165,128,1492,217,844,954
4013421502,3224,1465,1759,137,727,173,199,380,460,455,390,187,116,1329,188,843,864
4013421601,3894,1851,2043,369,667,358,270,623,453,520,307,143,184,1739,42,1077,1036
4013421602,4712,2659,2053,463,926,238,603,773,724,473,218,131,163,2105,180,1038,1389
4013421701,4926,2363,2563,327,669,375,612,903,569,820,260,231,160,2634,254,1042,996
4013421702,4023,2091,1932,189,568,206,155,392,607,555,626,420,305,1428,227,1611,757
4013421801,2607,1317,1290,184,585,108,123,292,413,328,327,208,39,1144,101,593,769
4013421802,4876,2566,2310,376,1039,243,299,762,920,560,414,155,108,2331,200,930,1415
4013421901,3562,1970,1592,337,521,244,279,790,412,453,291,148,87,1847,111,746,858
4013421902,6540,3420,3120,597,1502,324,568,1147,1000,701,355,229,117,2579,202,1660,2099
4013422001,4664,2191,2473,478,1063,187,516,707,761,520,323,49,60,1894,260,969,1541
4013422002,3929,1921,2008,313,666,255,340,776,385,555,265,251,123,1653,252,1045,979
4013422102,5070,2276,2794,390,771,455,523,730,525,495,546,384,251,2028,342,1539,1161
4013422103,4659,2521,2138,422,478,142,945,1237,657,287,154,118,219,2462,232,1065,900
4013422104,6480,3452,3028,532,1034,613,615,1181,971,587,559,259,129,2883,569,1462,1566
4013422105,3454,1813,1641,349,500,217,430,569,447,332,431,112,67,1672,203,730,849
4013422106,6694,3520,3174,515,1595,248,538,1548,866,542,471,291,80,2933,197,1454,2110
4013422107,4119,1863,2256,293,611,110,743,1077,496,444,185,128,32,2480,159,576,904
4013422203,4973,2305,2668,407,756,244,547,950,693,513,483,264,116,2470,348,992,1163
4013422204,3103,1408,1695,202,374,159,442,480,427,368,294,246,111,1768,132,627,576
4013422205,1401,670,731,60,193,46,48,260,182,226,181,153,52,835,21,292,253
4013422209,7126,3576,3550,442,796,528,758,1480,1131,734,826,240,191,4411,262,1215,1238
4013422210,5437,2973,2464,440,550,278,250,1042,757,886,768,324,142,3127,132,1188,990
4013422211,2419,1126,1293,118,198,78,153,303,288,275,542,281,183,1379,39,685,316
4013422212,4195,1961,2234,178,466,255,170,553,538,589,647,520,279,2323,99,1129,644
4013422213,2732,1416,1316,274,298,152,207,501,306,400,328,192,74,1581,80,499,572
4013422215,2073,1120,953,108,302,140,144,404,316,250,275,99,35,1129,147,387,410
4013422216,5793,2859,2934,422,761,199,400,815,733,869,944,455,195,3106,272,1232,1183
4013422217,3456,1791,1665,252,355,91,242,586,520,515,523,281,91,1978,164,707,607
4013422218,2842,1351,1491,116,619,125,291,466,388,228,253,245,111,1355,108,644,735
4013422219,3196,1499,1697,303,372,191,372,498,500,428,267,173,92,1679,153,689,675
4013422220,1901,920,981,129,195,86,80,232,304,236,342,168,129,966,47,564,324
4013422221,3739,1898,1841,190,433,183,274,773,499,542,398,278,169,2174,119,823,623
4013422222,2227,1139,1088,156,319,112,207,228,353,254,254,246,98,1221,82,449,475
4013422301,6049,3036,3013,335,1259,332,486,1148,780,721,499,233,256,2640,427,1388,1594
4013422302,4741,2508,2233,338,694,296,458,899,441,695,532,304,84,2596,153,960,1032
4013422304,3040,1676,1364,163,496,188,401,559,504,341,155,124,109,1731,80,570,659
4013422305,5555,2511,3044,174,680,379,332,811,638,1183,603,403,352,3011,321,1369,854
4013422307,4620,2394,2226,284,793,374,458,722,603,659,435,229,63,2638,73,832,1077
4013422308,5412,2454,2958,288,902,371,515,803,792,741,562,321,117,3106,206,910,1190
4013422309,5029,2474,2555,334,829,315,228,816,606,907,419,434,141,2713,165,988,1163
4013422401,2994,1316,1678,194,446,211,232,588,463,363,220,140,137,1772,70,512,640
4013422402,5004,2508,2496,433,835,315,393,588,739,615,609,374,103,2285,169,1282,1268
4013422403,4986,2446,2540,260,811,282,223,745,627,789,699,313,237,2643,122,1150,1071
4013422404,4530,2443,2087,333,846,198,260,479,732,673,638,227,144,2385,55,911,1179
4013422501,6040,2992,3048,476,788,487,361,1092,706,754,724,322,330,3127,191,1458,1264
4013422502,6086,3117,2969,431,1104,254,388,909,775,1098,533,396,198,2576,230,1745,1535
4013422503,6420,3192,3228,356,1030,346,536,1661,580,742,644,407,118,3437,284,1313,1386
4013422504,5495,2791,2704,477,876,310,563,876,697,678,553,335,130,2928,167,1047,1353
4013422506,5212,2598,2614,435,678,294,398,924,549,760,707,335,132,2760,126,1213,1113
4013422507,4303,2100,2203,288,720,162,206,532,502,609,628,343,313,2143,77,1075,1008
4013422508,3490,1823,1667,110,574,275,201,386,532,695,382,255,80,1934,96,776,684
4013422509,5277,2578,2699,450,873,279,256,755,697,618,828,258,263,2584,178,1192,1323
4013422510,3292,1625,1667,235,587,298,214,361,379,640,285,179,114,1678,98,694,822
4013422511,3060,1516,1544,150,630,201,145,362,361,525,350,218,118,1500,52,728,780
4013422512,5210,2701,2509,241,1349,209,267,596,931,832,421,249,115,2768,112,740,1590
4013422513,4346,2108,2238,307,668,219,302,543,379,543,536,435,414,1953,88,1330,975
4013422514,4868,2260,2608,324,727,370,523,901,602,571,537,204,109,2636,105,1076,1051
4013422606,10351,4957,5394,800,2536,517,391,1121,1881,1226,875,746,258,4483,189,2343,3336
4013422607,4280,1919,2361,147,158,60,22,325,356,58,505,918,1731,1153,131,2691,305
4013422609,4457,1958,2499,292,404,191,124,627,294,502,699,528,796,1902,134,1725,696
4013422610,2831,1260,1571,21,74,25,0,67,123,189,410,757,1165,538,49,2149,95
4013422615,7674,4023,3651,620,1254,600,546,999,1313,1277,663,315,87,4316,212,1272,1874
4013422616,4888,2553,2335,258,666,181,403,417,636,575,488,481,783,2191,183,1590,924
4013422617,6030,2983,3047,458,1060,398,479,766,845,689,829,268,238,2903,202,1407,1518
4013422618,2813,1213,1600,0,0,0,0,0,4,12,247,864,1686,182,29,2602,0
4013422620,3090,1518,1572,205,638,199,314,353,281,526,339,162,73,1552,39,656,843
4013422621,4728,2058,2670,372,1128,442,188,412,797,628,403,277,81,2080,274,874,1500
4013422622,4577,2362,2215,152,1034,294,299,496,748,723,485,244,102,2250,185,956,1186
4013422623,4664,2296,2368,612,1030,210,169,857,722,519,349,146,50,2015,171,836,1642
4013422624,2764,1228,1536,10,0,0,8,29,31,114,462,967,1143,351,45,2358,10
4013422625,3720,1689,2031,28,297,266,60,242,213,526,513,551,1024,1379,93,1923,325
4013422626,2607,1059,1548,80,123,0,11,83,59,34,279,766,1172,279,22,2103,203
4013422627,4031,2073,1958,162,473,155,127,439,344,639,674,537,481,1613,161,1622,635
4013422628,3808,1903,1905,180,541,169,184,650,443,450,425,426,340,1414,163,1510,721
4013422629,3123,1580,1543,176,372,153,48,226,574,357,484,515,218,1318,18,1239,548
4013422630,4985,2506,2479,145,632,232,339,166,595,657,711,834,674,1646,219,2343,777
4013422631,4839,2194,2645,307,906,86,353,858,571,540,621,335,262,2417,124,1085,1213
4013422632,4011,2188,1823,252,290,190,178,418,403,408,543,720,609,1494,177,1798,542
4013422633,3230,1417,1813,232,479,265,228,730,423,369,169,138,197,1575,43,901,711
4013422634,4574,2218,2356,318,698,158,175,625,205,529,495,703,668,1434,99,2025,1016
4013422635,1945,991,954,63,42,20,18,164,124,23,322,621,548,449,0,1391,105
4013422636,2596,1223,1373,94,359,107,288,662,251,339,266,118,112,1466,80,597,453
4013422637,3704,2116,1588,370,624,233,258,494,446,444,470,179,186,1877,63,770,994
4013422638,4228,2083,2145,495,608,295,492,803,501,495,254,223,62,2010,117,998,1103
4013422639,3658,1738,1920,16,0,37,176,149,33,253,563,846,1585,686,80,2876,16
4013422640,4680,2313,2367,252,628,163,151,523,539,418,488,760,758,1705,138,1957,880
4013422641,6427,3136,3291,366,1223,602,472,959,970,858,555,381,41,3300,83,1455,1589
4013422642,5550,2579,2971,329,969,283,349,583,1064,812,507,480,174,2888,133,1231,1298
4013422643,6181,3155,3026,343,1373,409,319,982,876,855,652,309,63,3124,138,1203,1716
4013422644,8035,3832,4203,606,1140,264,340,697,815,669,954,1272,1278,2615,156,3518,1746
4013422646,11147,5241,5906,976,2697,608,534,1312,1960,1250,1037,488,285,5241,196,2037,3673
4013522800,1251,655,596,182,123,260,258,248,124,31,25,0,0,476,66,404,305
4013522901,4214,1902,2312,354,445,184,334,816,652,564,362,320,183,2368,72,975,799
4013522903,5125,2747,2378,538,929,326,595,806,628,406,531,197,169,2161,261,1236,1467
4013522904,4748,2247,2501,514,916,317,360,1008,392,589,324,230,98,2043,232,1043,1430
4013523002,5726,3377,2349,434,1074,231,454,1132,660,608,562,243,328,2399,133,1686,1508
4013523003,6522,3619,2903,410,830,301,374,1483,814,1173,671,236,230,3400,414,1468,1240
4013523005,4814,2370,2444,223,676,204,409,654,950,661,631,289,117,3017,106,792,899
4013523006,5762,2846,2916,351,1007,233,398,953,808,473,951,365,223,2906,195,1303,1358
4013523102,5518,2536,2982,498,1322,279,404,941,779,526,480,256,33,2389,224,1085,1820
4013523103,5357,2650,2707,360,783,376,407,1045,652,695,482,247,310,3150,124,940,1143
4013523104,5375,2862,2513,367,643,233,524,1100,788,731,542,265,182,3063,166,1136,1010
4013610000,7704,3917,3787,437,928,334,348,1138,1268,1265,989,547,450,2902,297,3140,1365
4013610100,1155,597,558,43,158,80,72,67,93,201,209,178,54,432,48,474,201
4013610200,6923,3459,3464,169,708,321,177,126,921,1021,1176,1852,452,2538,293,3215,877
4013610300,9788,4907,4881,572,2202,1030,329,687,1642,2011,688,384,243,4894,146,1974,2774
4013610400,5860,2763,3097,497,1308,521,230,526,1042,1019,290,256,171,2887,74,1094,1805
4013610500,6508,3272,3236,63,1089,315,332,361,718,1357,1234,647,392,3522,193,1641,1152
4013610600,5963,2707,3256,411,1276,220,177,781,1069,783,512,486,248,2860,122,1294,1687
4013610700,7473,3684,3789,151,1056,452,234,526,801,1538,1334,1062,319,3861,146,2259,1207
4013610800,3935,1918,2017,419,799,177,108,593,757,542,369,117,54,2059,26,632,1218
4013610900,7710,3893,3817,353,1436,363,641,777,993,1429,946,507,265,3884,173,1864,1789
4013611000,2660,1311,1349,155,622,149,133,221,457,423,326,144,30,1326,52,505,777
4013611100,3107,1499,1608,310,779,175,63,331,543,446,313,83,64,1491,37,490,1089
4013611200,5848,2880,2968,389,1089,474,369,571,757,1071,693,327,108,3155,179,1036,1478
4013611300,4665,2325,2340,425,713,115,314,877,850,560,377,283,151,2493,147,887,1138
4013611400,6869,3751,3118,513,1468,325,132,583,1295,1119,826,517,91,3385,36,1467,1981
4013611500,6705,2999,3706,597,1384,275,282,479,1531,1057,659,232,209,3160,112,1452,1981
4013611600,3016,1388,1628,171,622,167,75,158,374,586,449,278,136,1402,84,737,793
4013611700,5984,2904,3080,237,817,450,209,461,791,1185,1036,487,311,2961,78,1891,1054
4013611800,6791,3479,3312,352,1142,616,385,917,781,1123,954,351,170,3861,255,1181,1494
4013611900,2853,1553,1300,138,497,276,183,316,472,529,230,151,61,1304,71,843,635
4013612000,3275,1753,1522,260,561,118,36,346,652,511,435,234,122,1723,29,702,821
4013612200,4669,2430,2239,352,786,128,128,785,968,472,620,291,139,2398,98,1035,1138
4013612300,8437,3912,4525,734,1563,259,393,1920,1597,915,669,297,90,4563,149,1428,2297
4013612400,7673,3720,3953,828,1409,369,193,1328,1190,1160,673,394,129,3877,284,1275,2237
4013612500,4340,2074,2266,236,844,192,182,193,659,847,537,366,284,2185,55,1020,1080
4013612600,2226,1050,1176,159,245,56,58,227,313,418,324,181,245,1098,82,642,404
4013612700,2289,1110,1179,135,308,64,126,124,267,368,428,267,202,965,53,828,443
4013612800,2219,1009,1210,113,373,100,164,108,273,393,327,237,131,1055,77,601,486
4013612900,2460,1201,1259,117,521,136,72,196,365,390,343,212,108,1257,56,509,638
4013613000,4109,1939,2170,202,529,210,124,222,572,734,686,653,177,1861,97,1420,731
4013613100,2652,1315,1337,27,198,21,34,33,178,257,612,750,542,999,39,1389,225
4013613200,4068,2151,1917,121,701,169,229,247,553,695,743,405,205,1948,110,1188,822
4013613300,7864,3696,4168,267,1863,299,256,505,1093,1529,1197,567,288,3551,226,1957,2130
4013613400,3364,1742,1622,242,340,220,252,352,282,603,248,435,390,1531,64,1187,582
4013613500,4320,2180,2140,383,692,193,248,596,554,544,275,347,488,1818,119,1308,1075
4013613600,4324,1995,2329,265,513,350,193,512,603,539,616,325,408,2038,153,1355,778
4013613700,5202,2464,2738,499,893,341,240,647,734,1033,445,222,148,2519,107,1184,1392
4013613800,4055,2069,1986,226,837,123,250,373,654,686,481,249,176,2126,51,815,1063
4013613900,5864,2725,3139,357,1203,420,169,599,1022,860,734,302,198,2904,110,1290,1560
4013614000,4673,2201,2472,167,656,427,317,437,471,1010,782,237,169,2605,80,1165,823
4013614100,6506,3002,3504,241,1316,407,246,704,1215,965,909,292,211,3413,163,1373,1557
4013614200,4684,2060,2624,218,492,327,387,312,531,744,946,326,401,2397,131,1446,710
4013614300,3093,1519,1574,80,352,105,68,367,307,540,611,443,220,1440,74,1147,432
4013614400,3542,1834,1708,163,348,274,279,428,392,776,408,349,125,1867,160,1004,511
4013614500,4291,2272,2019,325,765,179,155,666,699,753,419,251,79,2287,43,871,1090
4013614600,6288,3406,2882,666,785,194,436,1234,810,1120,613,174,256,3148,222,1467,1451
4013614700,2528,1602,926,176,221,40,311,311,537,416,230,204,82,1418,183,530,397
4013614800,3977,1851,2126,329,374,208,291,845,532,470,510,327,91,2186,92,996,703
4013614900,3986,1753,2233,378,412,154,309,909,337,603,448,258,178,2170,86,940,790
4013615000,8654,4180,4474,517,1765,482,262,689,1718,1282,615,341,983,3926,138,2308,2282
4013615100,4009,1959,2050,367,680,233,67,459,604,769,428,273,129,1995,63,904,1047
4013615200,6390,2986,3404,370,429,122,423,1490,836,984,740,609,387,3936,73,1582,799
4013615300,2057,1002,1055,0,62,21,0,20,20,134,468,679,653,496,11,1488,62
4013615400,2808,1268,1540,0,10,0,0,28,24,95,443,1004,1204,414,22,2362,10
4013615500,2445,1036,1409,0,0,10,0,0,29,134,485,825,962,559,38,1848,0
4013615600,3522,1359,2163,39,294,134,2,253,384,190,548,805,873,1268,1,1920,333
4013615700,2724,1399,1325,136,195,85,145,367,273,390,803,204,126,1622,51,720,331
4013615800,5176,2520,2656,244,674,245,204,637,679,880,649,690,274,2543,107,1608,918
4013615900,4189,1981,2208,271,559,210,399,801,466,602,476,255,150,1959,199,1201,830
4013616000,2091,920,1171,133,183,382,231,326,120,309,210,139,58,1036,39,700,316
4013616100,3461,1694,1767,141,518,183,327,584,461,469,486,238,54,1669,173,960,659
4013616200,3410,1605,1805,201,447,144,189,694,371,522,428,311,103,1835,116,811,648
4013616300,2055,1022,1033,88,230,50,78,390,203,314,423,184,95,1068,64,605,318
4013616400,5417,2653,2764,350,431,143,173,1407,535,849,444,451,634,2656,95,1885,781
4013616500,3274,1762,1512,309,360,124,247,860,416,397,257,188,116,1876,124,605,669
4013616600,5365,2587,2778,213,731,278,250,768,1036,587,882,427,193,2785,238,1398,944
4013616700,4874,2454,2420,311,466,165,531,960,503,944,587,303,104,2872,153,1072,777
4013616800,5815,3172,2643,423,701,246,200,1015,676,981,973,545,55,3135,70,1486,1124
4013616900,4363,2205,2158,180,564,178,364,532,711,926,367,338,203,2520,236,863,744
4013617000,6705,3190,3515,343,1012,319,472,750,994,1248,453,584,530,3326,274,1750,1355
4013617100,2299,1100,1199,130,295,63,104,452,286,396,307,161,105,1391,83,400,425
4013617200,2584,1216,1368,141,347,120,54,344,412,394,362,241,169,1451,64,581,488
4013617300,3351,1652,1699,249,473,178,228,591,452,416,391,216,157,1827,124,678,722
4013617400,7150,3093,4057,333,348,87,140,578,474,489,911,1568,2222,2130,167,4172,681
4013617500,3710,1547,2163,89,134,17,20,112,128,242,638,907,1423,870,18,2599,223
4013617600,5860,2843,3017,352,796,229,463,716,778,740,727,278,781,2939,165,1608,1148
4013617700,3818,1706,2112,359,445,149,342,866,488,344,410,220,195,1751,54,1209,804
4013617800,2416,1247,1169,64,265,134,73,182,263,366,468,354,247,1179,88,820,329
4013617900,2782,1195,1587,86,339,218,256,261,329,428,371,292,202,1407,110,840,425
4013618000,4978,2371,2607,269,633,313,339,864,593,615,777,406,169,2581,128,1367,902
4013618100,4583,2288,2295,285,537,195,347,487,565,703,669,523,272,2258,105,1398,822
4013618200,3971,2115,1856,249,424,309,452,718,416,566,468,284,85,2049,217,1032,673
4013618300,3137,1646,1491,180,479,132,156,497,349,297,561,330,156,1588,54,836,659
4013618400,3778,1864,1914,136,663,127,288,621,552,509,555,176,151,1909,158,912,799
4013618500,3842,1943,1899,203,516,298,269,543,611,482,466,288,166,1964,135,1024,719
4013618600,4959,2373,2586,303,736,308,353,893,608,683,628,241,206,2046,325,1549,1039
4013618700,2978,1488,1490,300,420,114,169,586,418,295,402,186,88,1343,77,838,720
4013618800,4941,2526,2415,429,655,81,642,881,756,556,493,320,128,2390,269,1198,1084
4013618900,6944,3391,3553,520,761,128,833,1025,1040,769,934,643,291,3732,284,1647,1281
4013619000,3411,1342,2069,237,387,80,204,385,350,524,609,433,202,1686,154,947,624
4013619100,3294,1628,1666,304,684,122,329,816,277,357,216,181,8,1606,150,550,988
4013619200,5801,2604,3197,409,745,297,1137,990,848,525,342,147,361,2959,186,1502,1154
4013619300,4511,2318,2193,228,498,262,405,692,791,466,567,327,275,2315,245,1225,726
4013619400,5123,2343,2780,434,636,352,595,826,697,883,396,209,95,2881,194,978,1070
4013619500,6158,3283,2875,348,996,260,324,999,999,898,835,305,194,3198,210,1406,1344
4013619600,2039,1005,1034,131,273,89,117,331,330,240,304,151,73,1165,54,416,404
4013619700,3834,2017,1817,144,495,251,199,733,643,559,446,184,180,2099,233,863,639
4013619800,4437,2009,2428,234,609,205,221,969,553,671,589,217,169,2642,78,874,843
4013619900,5775,3128,2647,408,921,189,266,753,825,870,691,504,348,2844,103,1499,1329
4013723303,47,24,23,0,0,0,0,0,0,12,12,23,0,24,0,23,0
4013723304,4417,2268,2149,239,632,286,171,565,370,644,768,499,243,1840,93,1613,871
4013723305,2738,1383,1355,310,482,174,233,336,465,261,237,179,61,1052,88,806,792
4013723306,5670,5604,66,13,34,64,703,1877,1539,974,384,61,21,32,4,5587,47
4013723307,2166,1148,1018,115,386,85,63,137,404,276,390,257,53,1006,55,604,501
4013723308,8057,3901,4156,682,1231,598,243,697,925,1517,1118,735,311,3520,130,2494,1913
4013810000,1980,989,991,149,257,126,93,313,258,387,256,93,48,1121,61,392,406
4013810100,6868,3462,3406,252,1122,462,286,470,867,1160,1168,756,325,3520,139,1835,1374
4013810200,3456,1755,1701,473,467,115,161,706,442,410,450,154,78,1850,101,565,940
4013810300,6133,2873,3260,564,759,280,442,1156,948,684,802,349,149,3134,320,1356,1323
4013810400,4907,2484,2423,510,610,132,461,775,655,674,752,288,50,2801,102,884,1120
4013810500,5045,2253,2792,262,746,290,313,684,662,968,717,246,157,2842,197,998,1008
4013810600,5851,3006,2845,200,876,288,247,991,869,1004,766,416,194,3433,164,1178,1076
4013810700,6682,3251,3431,299,1232,329,453,1465,1004,915,603,284,98,3935,201,1015,1531
4013810800,4417,2278,2139,213,597,278,354,731,549,680,614,227,174,2425,20,1162,810
4013810900,5330,2495,2835,235,710,294,370,786,783,913,671,328,240,2752,143,1490,945
4013811000,2753,1434,1319,144,418,156,117,354,326,459,463,170,146,1507,57,627,562
4013811100,2402,1244,1158,226,261,88,192,514,263,394,294,137,33,1448,109,358,487
4013811200,2943,1495,1448,351,256,87,314,913,410,324,70,121,97,1691,162,483,607
4013811300,2923,1478,1445,214,412,234,133,551,362,471,340,136,70,1666,81,550,626
4013811400,5193,2500,2693,242,898,326,270,413,1021,941,606,335,141,2838,91,1124,1140
4013811500,2511,1171,1340,80,606,85,135,274,408,494,227,134,68,1250,85,490,686
4013811600,4064,2009,2055,297,628,236,120,624,468,753,474,225,239,2058,107,974,925
4013811700,4403,2063,2340,310,623,238,254,619,568,603,509,417,262,2281,119,1070,933
4013811800,2288,1189,1099,90,445,140,163,313,331,372,264,124,46,1277,24,452,535
4013811900,6076,3017,3059,471,810,375,194,741,1050,1022,835,372,206,3536,131,1128,1281
4013812000,4528,2016,2512,598,779,317,218,788,854,466,276,56,176,2274,127,750,1377
4013812100,6215,3337,2878,458,764,309,535,1128,1267,941,452,264,97,3891,146,956,1222
4013812200,7646,4069,3577,510,1503,393,581,1053,1286,1040,692,224,364,4004,159,1470,2013
4013812300,4709,2139,2570,499,1034,176,159,583,828,654,473,211,92,2215,42,919,1533
4013812400,4194,2025,2169,299,1119,134,177,554,779,523,317,247,45,1895,132,749,1418
4013812500,2381,1167,1214,247,528,121,46,458,390,230,214,117,30,1015,102,489,775
4013812600,4408,2019,2389,184,663,257,198,547,641,736,688,390,104,2419,101,1041,847
4013812700,6002,3230,2772,707,919,286,287,721,1266,968,477,213,158,3259,89,1028,1626
4013812800,5030,2612,2418,331,1109,188,257,694,882,650,575,274,70,2691,156,743,1440
4013812900,2601,1379,1222,140,326,135,81,348,448,429,385,232,77,1546,35,554,466
4013813000,4370,2033,2337,199,789,142,60,121,606,620,456,814,563,1620,91,1671,988
4013813100,2651,1221,1430,213,606,200,97,123,605,435,217,107,48,1174,67,591,819
4013813200,3890,1962,1928,250,957,273,121,115,818,692,401,202,61,1748,127,808,1207
4013813300,5557,2716,2841,590,1184,217,240,448,1088,859,561,282,88,2791,72,920,1774
4013813400,3863,1950,1913,244,899,132,107,182,887,708,416,237,51,1958,94,668,1143
4013813500,3074,1620,1454,112,730,254,135,133,486,555,343,182,144,1359,39,834,842
4013813600,3526,1764,1762,284,733,112,118,165,778,604,461,218,53,1697,96,716,1017
4013813700,2546,1196,1350,0,0,9,0,34,32,169,303,1031,968,505,44,1997,0
4013813800,2424,949,1475,0,0,0,0,44,0,46,268,886,1180,242,103,2079,0
4013813900,5513,2467,3046,459,1070,476,114,538,1041,885,503,280,147,2710,125,1149,1529
4013814000,2429,1072,1357,41,106,19,35,95,154,207,440,828,504,758,10,1514,147
4013814100,6035,3250,2785,515,1411,402,269,851,946,754,439,299,149,3043,63,1003,1926
4013814200,2632,1271,1361,166,303,159,182,367,341,331,431,255,97,1450,91,622,469
4013814300,3727,1876,1851,223,626,201,182,471,511,673,488,301,51,1980,63,835,849
4013814400,4970,2379,2591,380,778,248,333,672,774,948,426,269,142,2650,158,1004,1158
4013814500,5447,2683,2764,397,1169,292,284,887,760,858,436,204,160,2782,247,852,1566
4013814600,4566,2408,2158,372,666,357,301,611,991,744,228,173,123,2465,146,917,1038
4013814700,4240,2108,2132,361,792,280,80,478,780,708,402,223,136,2063,137,887,1153
4013814800,7600,3664,3936,1037,1490,268,303,1789,1265,607,534,291,16,3824,123,1126,2527
4013814900,2577,1253,1324,170,454,79,87,225,468,496,299,204,95,1324,34,595,624
4013815000,4100,2128,1972,159,1086,312,116,207,797,837,301,173,112,1976,70,809,1245
4013815100,5195,2693,2502,520,1063,285,278,940,846,634,317,164,148,2749,97,766,1583
4013815200,8198,4010,4188,870,1183,500,555,1951,1381,887,441,348,82,4316,455,1374,2053
4013815300,4222,2179,2043,374,1111,236,121,295,663,777,417,138,90,1639,17,1081,1485
4013815400,7933,3786,4147,917,1872,359,338,1458,1259,714,550,351,115,3429,85,1630,2789
4013815500,6110,2968,3142,547,909,310,396,1053,1086,861,510,285,153,3390,171,1093,1456
4013815600,5762,2806,2956,363,1231,516,122,953,1252,453,577,276,19,2976,94,1098,1594
4013815700,5938,2961,2977,523,1376,479,214,831,1083,872,273,113,174,2932,166,941,1899
4013815800,6049,2750,3299,848,1364,240,231,1152,1112,568,311,155,68,2757,108,972,2212
4013815900,8719,4160,4559,658,2095,539,342,926,1761,1185,682,363,168,4150,253,1563,2753
4013816000,13558,6896,6662,1708,3074,820,561,1295,2273,2038,965,687,137,5339,549,2888,4782
4013816100,7280,3627,3653,675,2174,343,348,775,1352,917,302,307,87,3249,149,1033,2849
4013816200,3722,1709,2013,420,884,266,225,563,535,484,179,126,40,1679,106,633,1304
4013816300,4153,1846,2307,104,278,15,47,188,211,226,648,1774,662,897,127,2747,382
4013816400,7371,3635,3736,662,1661,403,289,798,1457,1063,633,297,108,3265,178,1605,2323
4013816500,4033,2093,1940,204,897,381,182,257,614,597,630,190,81,1743,103,1086,1101
4013816600,5178,2669,2509,632,1528,327,185,381,1113,616,194,163,39,2266,53,699,2160
4013816700,2669,1410,1259,259,684,199,92,139,590,265,260,116,65,961,67,698,943
4013816800,3727,1967,1760,298,881,269,97,470,753,393,316,227,23,1688,67,793,1179
4013816900,5001,2554,2447,338,1506,278,119,423,1117,442,448,239,91,1984,76,1097,1844
4013817000,3512,1709,1803,154,826,253,129,239,536,522,477,335,41,1627,51,854,980
4013817100,8363,4009,4354,1066,1882,266,326,1299,1137,1163,652,348,224,3635,60,1720,2948
4013817200,6958,3482,3476,344,1630,542,297,510,998,1224,864,385,164,3270,157,1557,1974
4013817300,5391,2306,3085,0,0,0,17,36,0,39,989,2150,2160,898,35,4458,0
4013817400,2876,1231,1645,0,0,0,0,17,31,181,673,841,1133,652,52,2172,0
4013817500,2905,1350,1555,0,0,0,23,12,113,96,455,995,1211,573,42,2290,0
4013817600,1517,687,830,92,356,60,82,166,288,230,118,94,31,678,47,344,448
4013940700,143,64,79,5,23,10,13,6,16,36,5,23,6,16,32,67,28
4013941000,4158,1948,2210,495,930,288,478,640,399,459,269,157,43,1144,394,1195,1425
4013941100,47,18,29,6,9,4,7,0,6,0,11,4,0,0,0,32,15
4013941200,1119,547,572,102,246,86,79,158,90,149,120,58,31,286,41,444,348
4013941300,6153,3080,3073,403,939,287,326,952,622,881,709,553,481,1927,366,2518,1342
4013980100,0,0,0,0,0,0,0,0,0,0,0,0,0,0,0,0,0
4013980400,12,10,2,0,0,3,2,4,0,3,0,0,0,2,5,5,0
4013980500,30,30,0,0,0,0,11,0,19,0,0,0,0,30,0,0,0
4013980600,469,195,274,47,41,0,46,134,26,78,51,46,0,294,0,87,88
4013980700,0,0,0,0,0,0,0,0,0,0,0,0,0,0,0,0,0
